#
# A fatal error has been detected by the Java Runtime Environment:
#
#  EXCEPTION_ACCESS_VIOLATION (0xc0000005) at pc=0x00007ffe7cd33899, pid=22784, tid=8024
#
# JRE version: OpenJDK Runtime Environment Microsoft-14653939 (17.0.20+8) (build 17.0.20+8-LTS)
# Java VM: OpenJDK 64-Bit Server VM Microsoft-14653939 (17.0.20+8-LTS, mixed mode, sharing, tiered, compressed oops, compressed class ptrs, g1 gc, windows-amd64)
# Problematic frame:
# C  [ig11icd64.dll+0x593899]
#
# No core dump will be written. Minidumps are not enabled by default on client versions of Windows
#
# If you would like to submit a bug report, please visit:
#   https://github.com/microsoft/openjdk/issues
#

---------------  S U M M A R Y ------------

Command Line: -Dfile.encoding=UTF-8 -Duser.country=IL -Duser.language=he -Duser.variant -ea com.wecorpcc.WeCorpPluginTest --developer-mode --debug

Host: Intel(R) Core(TM) i5-1035G1 CPU @ 1.00GHz, 8 cores, 7G,  Windows 11 , 64 bit Build 22621 (10.0.22621.5415)
Time: Sat Aug  1 01:28:44 2026  Windows 11 , 64 bit Build 22621 (10.0.22621.5415) elapsed time: 31.503789 seconds (0d 0h 0m 31s)

---------------  T H R E A D  ---------------

Current thread (0x0000022f3ab0bc60):  VMThread "VM Thread" [stack: 0x000000851f500000,0x000000851f600000] [id=8024]

Stack: [0x000000851f500000,0x000000851f600000],  sp=0x000000851f5fea70,  free space=1018k
Native frames: (J=compiled Java code, j=interpreted, Vv=VM code, C=native code)
C  [ig11icd64.dll+0x593899]  (no source info available)


siginfo: EXCEPTION_ACCESS_VIOLATION (0xc0000005), reading address 0x00000000000352d8


Registers:
RAX=0x0000022f076e63e0, RBX=0x0000022f076e62d0, RCX=0x0000000000000000, RDX=0x0000022f076e63a0
RSP=0x000000851f5fea70, RBP=0x0000022f05b0f860, RSI=0x0000022f076e67e8, RDI=0x0000022f066256b0
R8 =0x0000000000000030, R9 =0x0000000000000000, R10=0x0000000000000000, R11=0x0000000000000246
R12=0x0000000000000000, R13=0x0000000000000000, R14=0x0000000000000000, R15=0x0000000000000000
RIP=0x00007ffe7cd33899, EFLAGS=0x0000000000010202

XMM[0]=0x0000000000000000 0x0000000000000000
XMM[1]=0x0000000000000000 0x0000000000000000
XMM[2]=0x0000000000000000 0x0000000000000000
XMM[3]=0x0000000000000000 0x0000000000000000
XMM[4]=0x0000000000000000 0x0000000000000000
XMM[5]=0x0000000000000000 0x0000000000000000
XMM[6]=0x0000000000000000 0x0000000000000000
XMM[7]=0x0000000000000000 0x404e000000000000
XMM[8]=0x0000000000000000 0x0000000000000000
XMM[9]=0x0000000000000000 0x0000000000000000
XMM[10]=0x0000000000000000 0x0000000000000000
XMM[11]=0x0000000000000000 0x0000000000000000
XMM[12]=0x0000000000000000 0x0000000000000000
XMM[13]=0x0000000000000000 0x0000000000000000
XMM[14]=0x0000000000000000 0x0000000000000000
XMM[15]=0x0000000000000000 0x0000000000000000
  MXCSR=0x00001fa3


Register to memory mapping:

RIP=0x00007ffe7cd33899 ig11icd64.dll
RAX=0x0000022f076e63e0 points into unknown readable memory: 0x000000000000194f | 4f 19 00 00 00 00 00 00
RBX=0x0000022f076e62d0 points into unknown readable memory: 0x0000022f07e8dfc0 | c0 df e8 07 2f 02 00 00
RCX=0x0 is NULL
RDX=0x0000022f076e63a0 points into unknown readable memory: 0x0000000000000000 | 00 00 00 00 00 00 00 00
RSP=0x000000851f5fea70 points into unknown readable memory: 0x0000022f0034c510 | 10 c5 34 00 2f 02 00 00
RBP=0x0000022f05b0f860 points into unknown readable memory: 0x0000022f07e8dfc0 | c0 df e8 07 2f 02 00 00
RSI=0x0000022f076e67e8 points into unknown readable memory: 0x0000022f05b0f860 | 60 f8 b0 05 2f 02 00 00
RDI=0x0000022f066256b0 points into unknown readable memory: 0x0000000000000000 | 00 00 00 00 00 00 00 00
R8 =0x0000000000000030 is an unknown value
R9 =0x0 is NULL
R10=0x0 is NULL
R11=0x0000000000000246 is an unknown value
R12=0x0 is NULL
R13=0x0 is NULL
R14=0x0 is NULL
R15=0x0 is NULL


Top of Stack: (sp=0x000000851f5fea70)
0x000000851f5fea70:   0000022f0034c510 035a30b3016e37b2
0x000000851f5fea80:   000000851f5feab8 0000005400000000
0x000000851f5fea90:   00007ffe7d70aaa0 0000000000001950
0x000000851f5feaa0:   0000022f04e3c370 00000000000000d0
0x000000851f5feab0:   0000000000000000 00007ffe7cd154ef
0x000000851f5feac0:   0000022f0034c510 0000022f066256b0
0x000000851f5fead0:   000000851f5febc0 0000000000000000
0x000000851f5feae0:   0000000000041450 0000000000000000
0x000000851f5feaf0:   025e8dbc00b46ebc 008f38bd012ad2bc
0x000000851f5feb00:   02cfcdbe02f61dbe 0246dcbf0276c4bf
0x000000851f5feb10:   036cd9c000ad46c0 037ad1c101f1bcc1
0x000000851f5feb20:   021615c202e1f5c1 01fa66c202c750c2
0x000000851f5feb30:   00816dc300a33ec3 03403dc400f399c3
0x000000851f5feb40:   02908ec403625dc4 00c935c50303a1c4
0x000000851f5feb50:   0216eac5027848c5 021933c600a013c6
0x000000851f5feb60:   0000b802012e0000 0000000000041450
0x000000851f5feb70:   0000000000000000 4000168000000001
0x000000851f5feb80:   0000000000000000 0000000000000000
0x000000851f5feb90:   0000000000000000 0000000000000000
0x000000851f5feba0:   0000000000000000 0000000000000000
0x000000851f5febb0:   0000000000000000 0000000000000000
0x000000851f5febc0:   0000000000000000 0000000000000000
0x000000851f5febd0:   0000000000000000 0000000000000000
0x000000851f5febe0:   0000000000000000 0000000000000000
0x000000851f5febf0:   0000000000000000 0000000000000000
0x000000851f5fec00:   0000000000000000 0000000000000000
0x000000851f5fec10:   0000000000000000 0000000000000000
0x000000851f5fec20:   0000000000000000 0000000000000000
0x000000851f5fec30:   0000000000000000 0000000000000000
0x000000851f5fec40:   0000000000000000 0000000000000000
0x000000851f5fec50:   0000000000000000 0000000000000000
0x000000851f5fec60:   0000000000000000 0000000000000000 

Instructions: (pc=0x00007ffe7cd33899)
0x00007ffe7cd33799:   30 44 38 24 01 75 05 e8 43 25 f9 ff 65 48 8b 04
0x00007ffe7cd337a9:   25 58 00 00 00 41 be 08 00 00 00 48 8b 04 30 4d
0x00007ffe7cd337b9:   8b 34 06 48 85 ed 0f 84 6f 03 00 00 66 66 66 0f
0x00007ffe7cd337c9:   1f 84 00 00 00 00 00 48 8b dd 48 8d b5 18 05 00
0x00007ffe7cd337d9:   00 48 8b 2e 45 84 ff 74 1d 48 8b 0b 48 8b d3 80
0x00007ffe7cd337e9:   bb 6a 05 00 00 00 0f 85 f2 02 00 00 e8 f6 68 fe
0x00007ffe7cd337f9:   ff e9 f4 02 00 00 8b 8f d0 01 00 00 48 8b 05 d4
0x00007ffe7cd33809:   e6 8d 00 83 b8 54 03 00 00 02 0f 85 f4 00 00 00
0x00007ffe7cd33819:   48 8d 93 d0 00 00 00 83 f9 10 73 04 8b c1 eb 56
0x00007ffe7cd33829:   44 8d 41 f0 41 8b c0 c1 e8 04 83 f8 03 73 20 0f
0x00007ffe7cd33839:   ae e8 41 83 e0 0f 4c 8b 8c c2 00 04 00 00 4d 85
0x00007ffe7cd33849:   c9 74 25 41 8b c0 48 c1 e0 06 49 03 c1 eb 2e 48
0x00007ffe7cd33859:   8b 82 18 04 00 00 48 85 c0 74 0d 39 08 74 29 48
0x00007ffe7cd33869:   8b 40 48 48 85 c0 75 f3 80 ba 20 04 00 00 00 74
0x00007ffe7cd33879:   1d 8b c1 83 e0 0f 48 c1 e0 06 48 03 c2 48 85 c0
0x00007ffe7cd33889:   74 0c 48 8b 48 08 eb 08 48 83 c0 08 eb ef 33 c9
0x00007ffe7cd33899:   49 3b 8e d8 52 03 00 76 6b 48 8b 87 80 02 00 00
0x00007ffe7cd338a9:   48 89 06 48 89 9f 80 02 00 00 ff 87 88 02 00 00
0x00007ffe7cd338b9:   48 8b 4b 08 48 8b 01 ba 01 00 00 00 48 8b 80 e0
0x00007ffe7cd338c9:   02 00 00 ff 15 0e 3d 58 00 0f b7 c8 48 2b c1 48
0x00007ffe7cd338d9:   05 00 00 01 00 48 01 87 90 02 00 00 48 8b 4b 08
0x00007ffe7cd338e9:   48 8b 01 ba 01 00 00 00 48 8b 80 e0 02 00 00 ff
0x00007ffe7cd338f9:   15 e2 3c 58 00 48 01 87 a0 02 00 00 41 b4 01 e9
0x00007ffe7cd33909:   e6 01 00 00 44 8b 9f d0 01 00 00 48 8b 87 e8 01
0x00007ffe7cd33919:   00 00 4c 8b 10 8b 8f d0 01 00 00 48 8d 93 d0 00
0x00007ffe7cd33929:   00 00 83 f9 10 73 04 8b c1 eb 57 44 8d 41 f0 41
0x00007ffe7cd33939:   8b c0 c1 e8 04 83 f8 03 73 20 0f ae e8 41 83 e0
0x00007ffe7cd33949:   0f 4c 8b 8c c2 00 04 00 00 4d 85 c9 74 26 41 8b
0x00007ffe7cd33959:   c0 48 c1 e0 06 49 03 c1 eb 2f 48 8b 82 18 04 00
0x00007ffe7cd33969:   00 48 85 c0 74 0e 90 39 08 74 3c 48 8b 40 48 48
0x00007ffe7cd33979:   85 c0 75 f3 80 ba 20 04 00 00 00 74 1b 8b c1 83
0x00007ffe7cd33989:   e0 0f 48 c1 e0 06 48 03 c2 48 85 c0 74 0a 4c 39 


Stack slot to memory mapping:
stack at sp + 0 slots: 0x0000022f0034c510 points into unknown readable memory: 0xffffffffffffffff | ff ff ff ff ff ff ff ff
stack at sp + 1 slots: 0x035a30b3016e37b2 is an unknown value
stack at sp + 2 slots: 0x000000851f5feab8 points into unknown readable memory: 0x00007ffe7cd154ef | ef 54 d1 7c fe 7f 00 00
stack at sp + 3 slots: 0x0000005400000000 is an unknown value
stack at sp + 4 slots: 0x00007ffe7d70aaa0 ig11icd64.dll
stack at sp + 5 slots: 0x0000000000001950 is an unknown value
stack at sp + 6 slots: 0x0000022f04e3c370 points into unknown readable memory: 0x0000000000000000 | 00 00 00 00 00 00 00 00
stack at sp + 7 slots: 0x00000000000000d0 is an unknown value

VM_Operation (0x00000085236fed90): Exit, mode: safepoint, requested by thread 0x0000022f03f4c1e0


---------------  P R O C E S S  ---------------

Threads class SMR info:
_java_thread_list=0x0000022f095dc620, length=39, elements={
0x0000022f3ab10940, 0x0000022f3ab11780, 0x0000022f3ab26bd0, 0x0000022f3ab29190,
0x0000022f3ab2d680, 0x0000022f3ab326f0, 0x0000022f3ab33530, 0x0000022f3ab3a720,
0x0000022f3ac5e780, 0x0000022f3ac692c0, 0x0000022f009a80b0, 0x0000022f009a7180,
0x0000022f009a7ba0, 0x0000022f009a6760, 0x0000022f009a5830, 0x0000022f009a85c0,
0x0000022f009a6c70, 0x0000022f0147b9a0, 0x0000022f01480fb0, 0x0000022f0147beb0,
0x0000022f01481ee0, 0x0000022f0147cde0, 0x0000022f0147f660, 0x0000022f0147ec40,
0x0000022f0147f150, 0x0000022f014823f0, 0x0000022f0147d800, 0x0000022f014819d0,
0x0000022f0147fb70, 0x0000022f0147d2f0, 0x0000022f014814c0, 0x0000022f01482900,
0x0000022f0147b490, 0x0000022f03f4e550, 0x0000022f03f4ef70, 0x0000022f03f4b7c0,
0x0000022f03f4c1e0, 0x0000022f055636e0, 0x0000022f03f4fea0
}

Java Threads: ( => current thread )
  0x0000022f3ab10940 JavaThread "Reference Handler" daemon [_thread_blocked, id=5644, stack(0x000000851f600000,0x000000851f700000)]
  0x0000022f3ab11780 JavaThread "Finalizer" daemon [_thread_blocked, id=16184, stack(0x000000851f700000,0x000000851f800000)]
  0x0000022f3ab26bd0 JavaThread "Attach Listener" daemon [_thread_blocked, id=23784, stack(0x000000851f900000,0x000000851fa00000)]
  0x0000022f3ab29190 JavaThread "Service Thread" daemon [_thread_blocked, id=2060, stack(0x000000851fa00000,0x000000851fb00000)]
  0x0000022f3ab2d680 JavaThread "Monitor Deflation Thread" daemon [_thread_blocked, id=17916, stack(0x000000851fb00000,0x000000851fc00000)]
  0x0000022f3ab326f0 JavaThread "C2 CompilerThread0" daemon [_thread_blocked, id=23076, stack(0x000000851fc00000,0x000000851fd00000)]
  0x0000022f3ab33530 JavaThread "C1 CompilerThread0" daemon [_thread_blocked, id=18996, stack(0x000000851fd00000,0x000000851fe00000)]
  0x0000022f3ab3a720 JavaThread "Sweeper thread" daemon [_thread_blocked, id=10136, stack(0x000000851fe00000,0x000000851ff00000)]
  0x0000022f3ac5e780 JavaThread "Notification Thread" daemon [_thread_blocked, id=19848, stack(0x000000851ff00000,0x0000008520000000)]
  0x0000022f3ac692c0 JavaThread "Common-Cleaner" daemon [_thread_blocked, id=22524, stack(0x0000008520100000,0x0000008520200000)]
  0x0000022f009a80b0 JavaThread "Java2D Disposer" daemon [_thread_blocked, id=2288, stack(0x0000008520200000,0x0000008520300000)]
  0x0000022f009a7180 JavaThread "AWT-Shutdown" [_thread_blocked, id=2520, stack(0x0000008520300000,0x0000008520400000)]
  0x0000022f009a7ba0 JavaThread "AWT-EventQueue-0" [_thread_blocked, id=23516, stack(0x0000008520f00000,0x0000008521000000)]
  0x0000022f009a6760 JavaThread "TimerQueue" daemon [_thread_blocked, id=15132, stack(0x0000008521000000,0x0000008521100000)]
  0x0000022f009a5830 JavaThread "OkHttp Dispatcher" [_thread_blocked, id=10540, stack(0x0000008521300000,0x0000008521400000)]
  0x0000022f009a85c0 JavaThread "OkHttp static.runelite.net Writer" [_thread_blocked, id=23384, stack(0x0000008521700000,0x0000008521800000)]
  0x0000022f009a6c70 JavaThread "OkHttp static.runelite.net" [_thread_in_native, id=21284, stack(0x0000008521800000,0x0000008521900000)]
  0x0000022f0147b9a0 JavaThread "OkHttp ConnectionPool" daemon [_thread_blocked, id=1608, stack(0x0000008521900000,0x0000008521a00000)]
  0x0000022f01480fb0 JavaThread "Okio Watchdog" daemon [_thread_blocked, id=20080, stack(0x0000008521a00000,0x0000008521b00000)]
  0x0000022f0147beb0 JavaThread "OkHttp Http2Connection" daemon [_thread_blocked, id=24680, stack(0x0000008521b00000,0x0000008521c00000)]
  0x0000022f01481ee0 JavaThread "pool-3-thread-1" [_thread_blocked, id=25332, stack(0x0000008521100000,0x0000008521200000)]
  0x0000022f0147cde0 JavaThread "pool-2-thread-1" [_thread_blocked, id=13268, stack(0x0000008521200000,0x0000008521300000)]
  0x0000022f0147f660 JavaThread "Thread-1" daemon [_thread_blocked, id=21132, stack(0x0000008521e00000,0x0000008521f00000)]
  0x0000022f0147ec40 JavaThread "Client" daemon [_thread_blocked, id=22152, stack(0x0000008521f00000,0x0000008522000000)]
  0x0000022f0147f150 JavaThread "Thread-3" daemon [_thread_blocked, id=11748, stack(0x0000008522000000,0x0000008522100000)]
  0x0000022f014823f0 JavaThread "Thread-4" daemon [_thread_in_native, id=22872, stack(0x0000008521400000,0x0000008521500000)]
  0x0000022f0147d800 JavaThread "Thread-5" daemon [_thread_blocked, id=4312, stack(0x0000008522100000,0x0000008522200000)]
  0x0000022f014819d0 JavaThread "cache io" daemon [_thread_blocked, id=2020, stack(0x0000008521d00000,0x0000008521e00000)]
  0x0000022f0147fb70 JavaThread "Java Sound Event Dispatcher" daemon [_thread_blocked, id=12356, stack(0x0000008522500000,0x0000008522600000)]
  0x0000022f0147d2f0 JavaThread "Sound Engine" [_thread_blocked, id=13480, stack(0x0000008522900000,0x0000008522a00000)]
  0x0000022f014814c0 JavaThread "OkHttp Dispatcher" [_thread_blocked, id=13808, stack(0x0000008522d00000,0x0000008522e00000)]
  0x0000022f01482900 JavaThread "ForkJoinPool.commonPool-worker-1" daemon [_thread_blocked, id=14996, stack(0x0000008522e00000,0x0000008522f00000)]
  0x0000022f0147b490 JavaThread "Thread-7" daemon [_thread_blocked, id=3972, stack(0x0000008522f00000,0x0000008523000000)]
  0x0000022f03f4e550 JavaThread "pool-5-thread-1" [_thread_blocked, id=20904, stack(0x0000008523200000,0x0000008523300000)]
  0x0000022f03f4ef70 JavaThread "Image Fetcher 0" daemon [_thread_blocked, id=9224, stack(0x0000008523100000,0x0000008523200000)]
  0x0000022f03f4b7c0 JavaThread "DestroyJavaVM" [_thread_blocked, id=7372, stack(0x000000851ef00000,0x000000851f000000)]
  0x0000022f03f4c1e0 JavaThread "RuneLite Shutdown" [_thread_blocked, id=1604, stack(0x0000008523600000,0x0000008523700000)]
  0x0000022f055636e0 JavaThread "C2 CompilerThread1" daemon [_thread_blocked, id=13976, stack(0x0000008523700000,0x0000008523800000)]
  0x0000022f03f4fea0 JavaThread "RuneLite Shutdown" [_thread_blocked, id=21948, stack(0x0000008523800000,0x0000008523900000)]

Other Threads:
=>0x0000022f3ab0bc60 VMThread "VM Thread" [stack: 0x000000851f500000,0x000000851f600000] [id=8024]
  0x0000022f1c854b80 GCTaskThread "GC Thread#0" [stack: 0x000000851f000000,0x000000851f100000] [id=22640]
  0x0000022f0093bab0 GCTaskThread "GC Thread#1" [stack: 0x0000008520400000,0x0000008520500000] [id=5280]
  0x0000022f009e1760 GCTaskThread "GC Thread#2" [stack: 0x0000008520500000,0x0000008520600000] [id=16504]
  0x0000022f009d1020 GCTaskThread "GC Thread#3" [stack: 0x0000008520600000,0x0000008520700000] [id=12080]
  0x0000022f00a06ac0 GCTaskThread "GC Thread#4" [stack: 0x0000008520700000,0x0000008520800000] [id=24368]
  0x0000022f00a06d90 GCTaskThread "GC Thread#5" [stack: 0x0000008520800000,0x0000008520900000] [id=19872]
  0x0000022f00a08410 GCTaskThread "GC Thread#6" [stack: 0x0000008520900000,0x0000008520a00000] [id=1728]
  0x0000022f00a086e0 GCTaskThread "GC Thread#7" [stack: 0x0000008520a00000,0x0000008520b00000] [id=25176]
  0x0000022f1c865320 ConcurrentGCThread "G1 Main Marker" terminated
  0x0000022f1c8664b0 ConcurrentGCThread "G1 Conc#0" [stack: 0x000000851f200000,0x000000851f300000] [id=19612]
  0x0000022f00a078d0 ConcurrentGCThread "G1 Conc#1" [stack: 0x0000008521600000,0x0000008521700000] [id=21012]
  0x0000022f1c89d190 ConcurrentGCThread "G1 Refine#0" terminated
  0x0000022f009e1a30 ConcurrentGCThread "G1 Refine#1" terminated
  0x0000022f00a15350 ConcurrentGCThread "G1 Refine#2" terminated
  0x0000022f005b9940 ConcurrentGCThread "G1 Refine#3" terminated
  0x0000022f3a9c6790 ConcurrentGCThread "G1 Service" terminated

Threads with active compile tasks:
C2 CompilerThread0  
[error occurred during error reporting (printing all threads), id 0xc0000005, EXCEPTION_ACCESS_VIOLATION (0xc0000005) at pc=0x00007ffe7edf5203]

VM state: at safepoint (shutting down)

VM Mutex/Monitor currently owned by a thread:  ([mutex/lock_event])
[0x0000022f1c7f38e0] Threads_lock - owner thread: 0x0000022f3ab0bc60
[0x0000022f1c7f4030] Heap_lock - owner thread: 0x0000022f03f4c1e0

Heap address: 0x0000000083600000, size: 1994 MB, Compressed Oops mode: 32-bit

CDS archive(s) mapped at: [0x0000022f3b000000-0x0000022f3bbb0000-0x0000022f3bbb0000), size 12255232, SharedBaseAddress: 0x0000022f3b000000, ArchiveRelocationMode: 1.
Compressed class space mapped at: 0x0000022f3c000000-0x0000022f7c000000, reserved size: 1073741824
Narrow klass base: 0x0000022f3b000000, Narrow klass shift: 0, Narrow klass range: 0x100000000

GC Precious Log:
 CPUs: 8 total, 8 available
 Memory: 7973M
 Large Page Support: Disabled
 NUMA Support: Disabled
 Compressed Oops: Enabled (32-bit)
 Heap Region Size: 1M
 Heap Min Capacity: 8M
 Heap Initial Capacity: 126M
 Heap Max Capacity: 1994M
 Pre-touch: Disabled
 Parallel Workers: 8
 Concurrent Workers: 2
 Concurrent Refinement Workers: 8
 Periodic GC: Disabled

Heap:
 garbage-first heap   total 405504K, used 311089K [0x0000000083600000, 0x0000000100000000)
  region size 1024K, 20 young (20480K), 3 survivors (3072K)
 Metaspace       used 73217K, committed 73856K, reserved 1179648K
  class space    used 7964K, committed 8256K, reserved 1048576K

Heap Regions: E=young(eden), S=young(survivor), O=old, HS=humongous(starts), HC=humongous(continues), CS=collection set, F=free, OA=open archive, CA=closed archive, TAMS=top-at-mark-start (previous, next)
|   0|0x0000000083600000, 0x0000000083700000, 0x0000000083700000|100%| O|  |TAMS 0x0000000083700000, 0x0000000083600000| Untracked 
|   1|0x0000000083700000, 0x0000000083800000, 0x0000000083800000|100%| O|  |TAMS 0x0000000083800000, 0x0000000083700000| Untracked 
|   2|0x0000000083800000, 0x0000000083900000, 0x0000000083900000|100%| O|  |TAMS 0x0000000083900000, 0x0000000083800000| Untracked 
|   3|0x0000000083900000, 0x0000000083a00000, 0x0000000083a00000|100%| O|  |TAMS 0x0000000083a00000, 0x0000000083900000| Untracked 
|   4|0x0000000083a00000, 0x0000000083b00000, 0x0000000083b00000|100%| O|  |TAMS 0x0000000083b00000, 0x0000000083a00000| Untracked 
|   5|0x0000000083b00000, 0x0000000083c00000, 0x0000000083c00000|100%| O|  |TAMS 0x0000000083c00000, 0x0000000083b00000| Untracked 
|   6|0x0000000083c00000, 0x0000000083d00000, 0x0000000083d00000|100%| O|  |TAMS 0x0000000083d00000, 0x0000000083c00000| Untracked 
|   7|0x0000000083d00000, 0x0000000083e00000, 0x0000000083e00000|100%| O|  |TAMS 0x0000000083e00000, 0x0000000083d00000| Untracked 
|   8|0x0000000083e00000, 0x0000000083f00000, 0x0000000083f00000|100%| O|  |TAMS 0x0000000083f00000, 0x0000000083e00000| Untracked 
|   9|0x0000000083f00000, 0x0000000084000000, 0x0000000084000000|100%| O|  |TAMS 0x0000000084000000, 0x0000000083f00000| Untracked 
|  10|0x0000000084000000, 0x0000000084100000, 0x0000000084100000|100%| O|  |TAMS 0x0000000084100000, 0x0000000084000000| Untracked 
|  11|0x0000000084100000, 0x0000000084200000, 0x0000000084200000|100%| O|  |TAMS 0x0000000084200000, 0x0000000084100000| Untracked 
|  12|0x0000000084200000, 0x0000000084300000, 0x0000000084300000|100%| O|  |TAMS 0x0000000084300000, 0x0000000084200000| Untracked 
|  13|0x0000000084300000, 0x0000000084400000, 0x0000000084400000|100%| O|  |TAMS 0x0000000084400000, 0x0000000084300000| Untracked 
|  14|0x0000000084400000, 0x0000000084500000, 0x0000000084500000|100%| O|  |TAMS 0x0000000084500000, 0x0000000084400000| Untracked 
|  15|0x0000000084500000, 0x0000000084600000, 0x0000000084600000|100%| O|  |TAMS 0x0000000084500000, 0x0000000084500000| Untracked 
|  16|0x0000000084600000, 0x0000000084700000, 0x0000000084700000|100%| O|  |TAMS 0x0000000084600000, 0x0000000084600000| Untracked 
|  17|0x0000000084700000, 0x0000000084800000, 0x0000000084800000|100%| O|  |TAMS 0x0000000084800000, 0x0000000084700000| Untracked 
|  18|0x0000000084800000, 0x0000000084900000, 0x0000000084900000|100%| O|  |TAMS 0x0000000084900000, 0x0000000084800000| Untracked 
|  19|0x0000000084900000, 0x0000000084a00000, 0x0000000084a00000|100%| O|  |TAMS 0x0000000084a00000, 0x0000000084900000| Untracked 
|  20|0x0000000084a00000, 0x0000000084b00000, 0x0000000084b00000|100%| O|  |TAMS 0x0000000084a00000, 0x0000000084a00000| Untracked 
|  21|0x0000000084b00000, 0x0000000084c00000, 0x0000000084c00000|100%|HS|  |TAMS 0x0000000084c00000, 0x0000000084b00000| Complete 
|  22|0x0000000084c00000, 0x0000000084d00000, 0x0000000084d00000|100%|HC|  |TAMS 0x0000000084d00000, 0x0000000084c00000| Complete 
|  23|0x0000000084d00000, 0x0000000084e00000, 0x0000000084e00000|100%|HS|  |TAMS 0x0000000084e00000, 0x0000000084d00000| Complete 
|  24|0x0000000084e00000, 0x0000000084f00000, 0x0000000084f00000|100%|HC|  |TAMS 0x0000000084f00000, 0x0000000084e00000| Complete 
|  25|0x0000000084f00000, 0x0000000085000000, 0x0000000085000000|100%| O|  |TAMS 0x0000000085000000, 0x0000000084f00000| Untracked 
|  26|0x0000000085000000, 0x0000000085100000, 0x0000000085100000|100%| O|  |TAMS 0x0000000085100000, 0x0000000085000000| Untracked 
|  27|0x0000000085100000, 0x0000000085200000, 0x0000000085200000|100%| O|  |TAMS 0x0000000085200000, 0x0000000085100000| Untracked 
|  28|0x0000000085200000, 0x0000000085300000, 0x0000000085300000|100%| O|  |TAMS 0x0000000085300000, 0x0000000085200000| Untracked 
|  29|0x0000000085300000, 0x0000000085400000, 0x0000000085400000|100%| O|  |TAMS 0x0000000085400000, 0x0000000085300000| Untracked 
|  30|0x0000000085400000, 0x0000000085500000, 0x0000000085500000|100%| O|  |TAMS 0x0000000085500000, 0x0000000085400000| Untracked 
|  31|0x0000000085500000, 0x0000000085600000, 0x0000000085600000|100%| O|  |TAMS 0x0000000085600000, 0x0000000085500000| Untracked 
|  32|0x0000000085600000, 0x0000000085700000, 0x0000000085700000|100%| O|  |TAMS 0x0000000085700000, 0x0000000085600000| Untracked 
|  33|0x0000000085700000, 0x0000000085800000, 0x0000000085800000|100%| O|  |TAMS 0x0000000085700000, 0x0000000085700000| Untracked 
|  34|0x0000000085800000, 0x0000000085900000, 0x0000000085900000|100%| O|  |TAMS 0x0000000085900000, 0x0000000085800000| Untracked 
|  35|0x0000000085900000, 0x0000000085a00000, 0x0000000085a00000|100%| O|  |TAMS 0x0000000085a00000, 0x0000000085900000| Untracked 
|  36|0x0000000085a00000, 0x0000000085b00000, 0x0000000085b00000|100%|HS|  |TAMS 0x0000000085a00000, 0x0000000085a00000| Complete 
|  37|0x0000000085b00000, 0x0000000085c00000, 0x0000000085c00000|100%| O|  |TAMS 0x0000000085c00000, 0x0000000085b00000| Untracked 
|  38|0x0000000085c00000, 0x0000000085d00000, 0x0000000085d00000|100%| O|  |TAMS 0x0000000085d00000, 0x0000000085c00000| Untracked 
|  39|0x0000000085d00000, 0x0000000085e00000, 0x0000000085e00000|100%| O|  |TAMS 0x0000000085e00000, 0x0000000085d00000| Untracked 
|  40|0x0000000085e00000, 0x0000000085f00000, 0x0000000085f00000|100%| O|  |TAMS 0x0000000085f00000, 0x0000000085e00000| Untracked 
|  41|0x0000000085f00000, 0x0000000086000000, 0x0000000086000000|100%| O|  |TAMS 0x0000000086000000, 0x0000000085f00000| Untracked 
|  42|0x0000000086000000, 0x0000000086100000, 0x0000000086100000|100%| O|  |TAMS 0x0000000086000000, 0x0000000086000000| Untracked 
|  43|0x0000000086100000, 0x0000000086200000, 0x0000000086200000|100%| O|  |TAMS 0x0000000086100000, 0x0000000086100000| Untracked 
|  44|0x0000000086200000, 0x0000000086300000, 0x0000000086300000|100%| O|  |TAMS 0x0000000086200000, 0x0000000086200000| Untracked 
|  45|0x0000000086300000, 0x0000000086400000, 0x0000000086400000|100%| O|  |TAMS 0x0000000086300000, 0x0000000086300000| Untracked 
|  46|0x0000000086400000, 0x0000000086500000, 0x0000000086500000|100%| O|  |TAMS 0x0000000086500000, 0x0000000086400000| Untracked 
|  47|0x0000000086500000, 0x0000000086600000, 0x0000000086600000|100%| O|  |TAMS 0x0000000086600000, 0x0000000086500000| Untracked 
|  48|0x0000000086600000, 0x0000000086700000, 0x0000000086700000|100%| O|  |TAMS 0x0000000086700000, 0x0000000086600000| Untracked 
|  49|0x0000000086700000, 0x0000000086800000, 0x0000000086800000|100%| O|  |TAMS 0x0000000086800000, 0x0000000086700000| Untracked 
|  50|0x0000000086800000, 0x0000000086900000, 0x0000000086900000|100%| O|  |TAMS 0x0000000086900000, 0x0000000086800000| Untracked 
|  51|0x0000000086900000, 0x0000000086a00000, 0x0000000086a00000|100%| O|  |TAMS 0x0000000086900000, 0x0000000086900000| Untracked 
|  52|0x0000000086a00000, 0x0000000086b00000, 0x0000000086b00000|100%| O|  |TAMS 0x0000000086b00000, 0x0000000086a00000| Untracked 
|  53|0x0000000086b00000, 0x0000000086c00000, 0x0000000086c00000|100%| O|  |TAMS 0x0000000086c00000, 0x0000000086b00000| Untracked 
|  54|0x0000000086c00000, 0x0000000086d00000, 0x0000000086d00000|100%| O|  |TAMS 0x0000000086d00000, 0x0000000086c00000| Untracked 
|  55|0x0000000086d00000, 0x0000000086e00000, 0x0000000086e00000|100%|HS|  |TAMS 0x0000000086d00000, 0x0000000086d00000| Complete 
|  56|0x0000000086e00000, 0x0000000086f00000, 0x0000000086f00000|100%|HS|  |TAMS 0x0000000086e00000, 0x0000000086e00000| Complete 
|  57|0x0000000086f00000, 0x0000000087000000, 0x0000000087000000|100%|HS|  |TAMS 0x0000000086f00000, 0x0000000086f00000| Complete 
|  58|0x0000000087000000, 0x0000000087100000, 0x0000000087100000|100%| O|  |TAMS 0x0000000087100000, 0x0000000087000000| Untracked 
|  59|0x0000000087100000, 0x0000000087200000, 0x0000000087200000|100%| O|  |TAMS 0x0000000087100000, 0x0000000087100000| Untracked 
|  60|0x0000000087200000, 0x0000000087300000, 0x0000000087300000|100%| O|  |TAMS 0x0000000087300000, 0x0000000087200000| Untracked 
|  61|0x0000000087300000, 0x0000000087400000, 0x0000000087400000|100%| O|  |TAMS 0x0000000087400000, 0x0000000087300000| Untracked 
|  62|0x0000000087400000, 0x0000000087500000, 0x0000000087500000|100%| O|  |TAMS 0x0000000087400000, 0x0000000087400000| Untracked 
|  63|0x0000000087500000, 0x0000000087600000, 0x0000000087600000|100%| O|  |TAMS 0x0000000087500000, 0x0000000087500000| Untracked 
|  64|0x0000000087600000, 0x0000000087700000, 0x0000000087700000|100%| O|  |TAMS 0x0000000087600000, 0x0000000087600000| Untracked 
|  65|0x0000000087700000, 0x0000000087800000, 0x0000000087800000|100%| O|  |TAMS 0x0000000087800000, 0x0000000087700000| Untracked 
|  66|0x0000000087800000, 0x0000000087900000, 0x0000000087900000|100%| O|  |TAMS 0x0000000087900000, 0x0000000087800000| Untracked 
|  67|0x0000000087900000, 0x0000000087a00000, 0x0000000087a00000|100%| O|  |TAMS 0x0000000087900000, 0x0000000087900000| Untracked 
|  68|0x0000000087a00000, 0x0000000087b00000, 0x0000000087b00000|100%| O|  |TAMS 0x0000000087a00000, 0x0000000087a00000| Untracked 
|  69|0x0000000087b00000, 0x0000000087c00000, 0x0000000087c00000|100%| O|  |TAMS 0x0000000087b00000, 0x0000000087b00000| Untracked 
|  70|0x0000000087c00000, 0x0000000087d00000, 0x0000000087d00000|100%| O|  |TAMS 0x0000000087c00000, 0x0000000087c00000| Untracked 
|  71|0x0000000087d00000, 0x0000000087e00000, 0x0000000087e00000|100%| O|  |TAMS 0x0000000087d00000, 0x0000000087d00000| Untracked 
|  72|0x0000000087e00000, 0x0000000087f00000, 0x0000000087f00000|100%| O|  |TAMS 0x0000000087e00000, 0x0000000087e00000| Untracked 
|  73|0x0000000087f00000, 0x0000000088000000, 0x0000000088000000|100%| O|  |TAMS 0x0000000087f00000, 0x0000000087f00000| Untracked 
|  74|0x0000000088000000, 0x0000000088100000, 0x0000000088100000|100%| O|  |TAMS 0x0000000088000000, 0x0000000088000000| Untracked 
|  75|0x0000000088100000, 0x0000000088200000, 0x0000000088200000|100%| O|  |TAMS 0x0000000088100000, 0x0000000088100000| Untracked 
|  76|0x0000000088200000, 0x0000000088300000, 0x0000000088300000|100%| O|  |TAMS 0x0000000088200000, 0x0000000088200000| Untracked 
|  77|0x0000000088300000, 0x0000000088400000, 0x0000000088400000|100%| O|  |TAMS 0x0000000088300000, 0x0000000088300000| Untracked 
|  78|0x0000000088400000, 0x0000000088500000, 0x0000000088500000|100%| O|  |TAMS 0x0000000088400000, 0x0000000088400000| Untracked 
|  79|0x0000000088500000, 0x0000000088600000, 0x0000000088600000|100%| O|  |TAMS 0x0000000088600000, 0x0000000088500000| Untracked 
|  80|0x0000000088600000, 0x0000000088700000, 0x0000000088700000|100%| O|  |TAMS 0x0000000088600000, 0x0000000088600000| Untracked 
|  81|0x0000000088700000, 0x0000000088800000, 0x0000000088800000|100%| O|  |TAMS 0x0000000088700000, 0x0000000088700000| Untracked 
|  82|0x0000000088800000, 0x0000000088900000, 0x0000000088900000|100%| O|  |TAMS 0x0000000088800000, 0x0000000088800000| Untracked 
|  83|0x0000000088900000, 0x0000000088a00000, 0x0000000088a00000|100%| O|  |TAMS 0x0000000088900000, 0x0000000088900000| Untracked 
|  84|0x0000000088a00000, 0x0000000088b00000, 0x0000000088b00000|100%| O|  |TAMS 0x0000000088a00000, 0x0000000088a00000| Untracked 
|  85|0x0000000088b00000, 0x0000000088c00000, 0x0000000088c00000|100%| O|  |TAMS 0x0000000088b00000, 0x0000000088b00000| Untracked 
|  86|0x0000000088c00000, 0x0000000088d00000, 0x0000000088d00000|100%| O|  |TAMS 0x0000000088c00000, 0x0000000088c00000| Untracked 
|  87|0x0000000088d00000, 0x0000000088e00000, 0x0000000088e00000|100%| O|  |TAMS 0x0000000088d00000, 0x0000000088d00000| Untracked 
|  88|0x0000000088e00000, 0x0000000088f00000, 0x0000000088f00000|100%| O|  |TAMS 0x0000000088e00000, 0x0000000088e00000| Untracked 
|  89|0x0000000088f00000, 0x0000000089000000, 0x0000000089000000|100%| O|  |TAMS 0x0000000088f00000, 0x0000000088f00000| Untracked 
|  90|0x0000000089000000, 0x0000000089100000, 0x0000000089100000|100%| O|  |TAMS 0x0000000089000000, 0x0000000089000000| Untracked 
|  91|0x0000000089100000, 0x0000000089200000, 0x0000000089200000|100%| O|  |TAMS 0x0000000089100000, 0x0000000089100000| Untracked 
|  92|0x0000000089200000, 0x0000000089300000, 0x0000000089300000|100%| O|  |TAMS 0x0000000089300000, 0x0000000089200000| Untracked 
|  93|0x0000000089300000, 0x0000000089400000, 0x0000000089400000|100%|HS|  |TAMS 0x0000000089300000, 0x0000000089300000| Complete 
|  94|0x0000000089400000, 0x0000000089500000, 0x0000000089500000|100%|HS|  |TAMS 0x0000000089400000, 0x0000000089400000| Complete 
|  95|0x0000000089500000, 0x0000000089600000, 0x0000000089600000|100%| O|  |TAMS 0x0000000089500000, 0x0000000089500000| Untracked 
|  96|0x0000000089600000, 0x0000000089700000, 0x0000000089700000|100%| O|  |TAMS 0x0000000089600000, 0x0000000089600000| Untracked 
|  97|0x0000000089700000, 0x0000000089800000, 0x0000000089800000|100%| O|  |TAMS 0x0000000089700000, 0x0000000089700000| Untracked 
|  98|0x0000000089800000, 0x0000000089900000, 0x0000000089900000|100%| O|  |TAMS 0x0000000089800000, 0x0000000089800000| Untracked 
|  99|0x0000000089900000, 0x0000000089a00000, 0x0000000089a00000|100%| O|  |TAMS 0x0000000089900000, 0x0000000089900000| Untracked 
| 100|0x0000000089a00000, 0x0000000089b00000, 0x0000000089b00000|100%| O|  |TAMS 0x0000000089a00000, 0x0000000089a00000| Untracked 
| 101|0x0000000089b00000, 0x0000000089c00000, 0x0000000089c00000|100%| O|  |TAMS 0x0000000089b2d400, 0x0000000089b00000| Untracked 
| 102|0x0000000089c00000, 0x0000000089d00000, 0x0000000089d00000|100%| O|  |TAMS 0x0000000089c00000, 0x0000000089c00000| Untracked 
| 103|0x0000000089d00000, 0x0000000089e00000, 0x0000000089e00000|100%| O|  |TAMS 0x0000000089d00000, 0x0000000089d00000| Untracked 
| 104|0x0000000089e00000, 0x0000000089f00000, 0x0000000089f00000|100%| O|  |TAMS 0x0000000089e00000, 0x0000000089e00000| Untracked 
| 105|0x0000000089f00000, 0x000000008a000000, 0x000000008a000000|100%| O|  |TAMS 0x0000000089f00000, 0x0000000089f00000| Untracked 
| 106|0x000000008a000000, 0x000000008a100000, 0x000000008a100000|100%| O|  |TAMS 0x000000008a000000, 0x000000008a000000| Untracked 
| 107|0x000000008a100000, 0x000000008a200000, 0x000000008a200000|100%| O|  |TAMS 0x000000008a100000, 0x000000008a100000| Untracked 
| 108|0x000000008a200000, 0x000000008a300000, 0x000000008a300000|100%| O|  |TAMS 0x000000008a200000, 0x000000008a200000| Untracked 
| 109|0x000000008a300000, 0x000000008a400000, 0x000000008a400000|100%| O|  |TAMS 0x000000008a300000, 0x000000008a300000| Untracked 
| 110|0x000000008a400000, 0x000000008a500000, 0x000000008a500000|100%| O|  |TAMS 0x000000008a400000, 0x000000008a400000| Untracked 
| 111|0x000000008a500000, 0x000000008a600000, 0x000000008a600000|100%| O|  |TAMS 0x000000008a500000, 0x000000008a500000| Untracked 
| 112|0x000000008a600000, 0x000000008a700000, 0x000000008a700000|100%| O|  |TAMS 0x000000008a600000, 0x000000008a600000| Untracked 
| 113|0x000000008a700000, 0x000000008a800000, 0x000000008a800000|100%| O|  |TAMS 0x000000008a700000, 0x000000008a700000| Untracked 
| 114|0x000000008a800000, 0x000000008a900000, 0x000000008a900000|100%| O|  |TAMS 0x000000008a800000, 0x000000008a800000| Untracked 
| 115|0x000000008a900000, 0x000000008aa00000, 0x000000008aa00000|100%| O|  |TAMS 0x000000008a900000, 0x000000008a900000| Untracked 
| 116|0x000000008aa00000, 0x000000008ab00000, 0x000000008ab00000|100%| O|  |TAMS 0x000000008aa00000, 0x000000008aa00000| Untracked 
| 117|0x000000008ab00000, 0x000000008ac00000, 0x000000008ac00000|100%| O|  |TAMS 0x000000008ab00000, 0x000000008ab00000| Untracked 
| 118|0x000000008ac00000, 0x000000008ad00000, 0x000000008ad00000|100%| O|  |TAMS 0x000000008ac00000, 0x000000008ac00000| Untracked 
| 119|0x000000008ad00000, 0x000000008ae00000, 0x000000008ae00000|100%| O|  |TAMS 0x000000008ad00000, 0x000000008ad00000| Untracked 
| 120|0x000000008ae00000, 0x000000008af00000, 0x000000008af00000|100%| O|  |TAMS 0x000000008ae00000, 0x000000008ae00000| Untracked 
| 121|0x000000008af00000, 0x000000008b000000, 0x000000008b000000|100%| O|  |TAMS 0x000000008af00000, 0x000000008af00000| Untracked 
| 122|0x000000008b000000, 0x000000008b100000, 0x000000008b100000|100%|HS|  |TAMS 0x000000008b000000, 0x000000008b000000| Complete 
| 123|0x000000008b100000, 0x000000008b200000, 0x000000008b200000|100%| O|  |TAMS 0x000000008b100000, 0x000000008b100000| Untracked 
| 124|0x000000008b200000, 0x000000008b300000, 0x000000008b300000|100%| O|  |TAMS 0x000000008b200000, 0x000000008b200000| Untracked 
| 125|0x000000008b300000, 0x000000008b400000, 0x000000008b400000|100%| O|  |TAMS 0x000000008b300000, 0x000000008b300000| Untracked 
| 126|0x000000008b400000, 0x000000008b500000, 0x000000008b500000|100%| O|  |TAMS 0x000000008b400000, 0x000000008b400000| Untracked 
| 127|0x000000008b500000, 0x000000008b600000, 0x000000008b600000|100%| O|  |TAMS 0x000000008b500000, 0x000000008b500000| Untracked 
| 128|0x000000008b600000, 0x000000008b700000, 0x000000008b700000|100%| O|  |TAMS 0x000000008b600000, 0x000000008b600000| Untracked 
| 129|0x000000008b700000, 0x000000008b800000, 0x000000008b800000|100%| O|  |TAMS 0x000000008b700000, 0x000000008b700000| Untracked 
| 130|0x000000008b800000, 0x000000008b900000, 0x000000008b900000|100%| O|  |TAMS 0x000000008b800000, 0x000000008b800000| Untracked 
| 131|0x000000008b900000, 0x000000008ba00000, 0x000000008ba00000|100%| O|  |TAMS 0x000000008b900000, 0x000000008b900000| Untracked 
| 132|0x000000008ba00000, 0x000000008bb00000, 0x000000008bb00000|100%| O|  |TAMS 0x000000008ba00000, 0x000000008ba00000| Untracked 
| 133|0x000000008bb00000, 0x000000008bc00000, 0x000000008bc00000|100%| O|  |TAMS 0x000000008bb00000, 0x000000008bb00000| Untracked 
| 134|0x000000008bc00000, 0x000000008bd00000, 0x000000008bd00000|100%| O|  |TAMS 0x000000008bc00000, 0x000000008bc00000| Untracked 
| 135|0x000000008bd00000, 0x000000008be00000, 0x000000008be00000|100%| O|  |TAMS 0x000000008bd00000, 0x000000008bd00000| Untracked 
| 136|0x000000008be00000, 0x000000008bf00000, 0x000000008bf00000|100%| O|  |TAMS 0x000000008be00000, 0x000000008be00000| Untracked 
| 137|0x000000008bf00000, 0x000000008c000000, 0x000000008c000000|100%| O|  |TAMS 0x000000008bf00000, 0x000000008bf00000| Untracked 
| 138|0x000000008c000000, 0x000000008c100000, 0x000000008c100000|100%| O|  |TAMS 0x000000008c000000, 0x000000008c000000| Untracked 
| 139|0x000000008c100000, 0x000000008c200000, 0x000000008c200000|100%| O|  |TAMS 0x000000008c100000, 0x000000008c100000| Untracked 
| 140|0x000000008c200000, 0x000000008c300000, 0x000000008c300000|100%| O|  |TAMS 0x000000008c200000, 0x000000008c200000| Untracked 
| 141|0x000000008c300000, 0x000000008c400000, 0x000000008c400000|100%| O|  |TAMS 0x000000008c300000, 0x000000008c300000| Untracked 
| 142|0x000000008c400000, 0x000000008c500000, 0x000000008c500000|100%| O|  |TAMS 0x000000008c400000, 0x000000008c400000| Untracked 
| 143|0x000000008c500000, 0x000000008c600000, 0x000000008c600000|100%| O|  |TAMS 0x000000008c500000, 0x000000008c500000| Untracked 
| 144|0x000000008c600000, 0x000000008c700000, 0x000000008c700000|100%| O|  |TAMS 0x000000008c600000, 0x000000008c600000| Untracked 
| 145|0x000000008c700000, 0x000000008c800000, 0x000000008c800000|100%| O|  |TAMS 0x000000008c700000, 0x000000008c700000| Untracked 
| 146|0x000000008c800000, 0x000000008c900000, 0x000000008c900000|100%| O|  |TAMS 0x000000008c800000, 0x000000008c800000| Untracked 
| 147|0x000000008c900000, 0x000000008ca00000, 0x000000008ca00000|100%| O|  |TAMS 0x000000008c900000, 0x000000008c900000| Untracked 
| 148|0x000000008ca00000, 0x000000008cb00000, 0x000000008cb00000|100%| O|  |TAMS 0x000000008ca00000, 0x000000008ca00000| Untracked 
| 149|0x000000008cb00000, 0x000000008cc00000, 0x000000008cc00000|100%| O|  |TAMS 0x000000008cb00000, 0x000000008cb00000| Untracked 
| 150|0x000000008cc00000, 0x000000008cd00000, 0x000000008cd00000|100%| O|  |TAMS 0x000000008cc00000, 0x000000008cc00000| Untracked 
| 151|0x000000008cd00000, 0x000000008ce00000, 0x000000008ce00000|100%| O|  |TAMS 0x000000008cd00000, 0x000000008cd00000| Untracked 
| 152|0x000000008ce00000, 0x000000008cf00000, 0x000000008cf00000|100%| O|  |TAMS 0x000000008ce00000, 0x000000008ce00000| Untracked 
| 153|0x000000008cf00000, 0x000000008d000000, 0x000000008d000000|100%| O|  |TAMS 0x000000008cf00000, 0x000000008cf00000| Untracked 
| 154|0x000000008d000000, 0x000000008d100000, 0x000000008d100000|100%| O|  |TAMS 0x000000008d000000, 0x000000008d000000| Untracked 
| 155|0x000000008d100000, 0x000000008d200000, 0x000000008d200000|100%| O|  |TAMS 0x000000008d100000, 0x000000008d100000| Untracked 
| 156|0x000000008d200000, 0x000000008d300000, 0x000000008d300000|100%| O|  |TAMS 0x000000008d200000, 0x000000008d200000| Untracked 
| 157|0x000000008d300000, 0x000000008d400000, 0x000000008d400000|100%| O|  |TAMS 0x000000008d300000, 0x000000008d300000| Untracked 
| 158|0x000000008d400000, 0x000000008d500000, 0x000000008d500000|100%| O|  |TAMS 0x000000008d400000, 0x000000008d400000| Untracked 
| 159|0x000000008d500000, 0x000000008d600000, 0x000000008d600000|100%| O|  |TAMS 0x000000008d500000, 0x000000008d500000| Untracked 
| 160|0x000000008d600000, 0x000000008d700000, 0x000000008d700000|100%| O|  |TAMS 0x000000008d600000, 0x000000008d600000| Untracked 
| 161|0x000000008d700000, 0x000000008d800000, 0x000000008d800000|100%| O|  |TAMS 0x000000008d700000, 0x000000008d700000| Untracked 
| 162|0x000000008d800000, 0x000000008d900000, 0x000000008d900000|100%| O|  |TAMS 0x000000008d800000, 0x000000008d800000| Untracked 
| 163|0x000000008d900000, 0x000000008da00000, 0x000000008da00000|100%| O|  |TAMS 0x000000008d900000, 0x000000008d900000| Untracked 
| 164|0x000000008da00000, 0x000000008db00000, 0x000000008db00000|100%| O|  |TAMS 0x000000008da00000, 0x000000008da00000| Untracked 
| 165|0x000000008db00000, 0x000000008dc00000, 0x000000008dc00000|100%| O|  |TAMS 0x000000008db00000, 0x000000008db00000| Untracked 
| 166|0x000000008dc00000, 0x000000008dd00000, 0x000000008dd00000|100%|HS|  |TAMS 0x000000008dc00000, 0x000000008dc00000| Complete 
| 167|0x000000008dd00000, 0x000000008de00000, 0x000000008de00000|100%|HS|  |TAMS 0x000000008dd00000, 0x000000008dd00000| Complete 
| 168|0x000000008de00000, 0x000000008df00000, 0x000000008df00000|100%|HC|  |TAMS 0x000000008de00000, 0x000000008de00000| Complete 
| 169|0x000000008df00000, 0x000000008e000000, 0x000000008e000000|100%|HS|  |TAMS 0x000000008df00000, 0x000000008df00000| Complete 
| 170|0x000000008e000000, 0x000000008e100000, 0x000000008e100000|100%|HS|  |TAMS 0x000000008e000000, 0x000000008e000000| Complete 
| 171|0x000000008e100000, 0x000000008e200000, 0x000000008e200000|100%|HS|  |TAMS 0x000000008e100000, 0x000000008e100000| Complete 
| 172|0x000000008e200000, 0x000000008e300000, 0x000000008e300000|100%|HS|  |TAMS 0x000000008e200000, 0x000000008e200000| Complete 
| 173|0x000000008e300000, 0x000000008e400000, 0x000000008e400000|100%|HS|  |TAMS 0x000000008e300000, 0x000000008e300000| Complete 
| 174|0x000000008e400000, 0x000000008e500000, 0x000000008e500000|100%|HC|  |TAMS 0x000000008e400000, 0x000000008e400000| Complete 
| 175|0x000000008e500000, 0x000000008e600000, 0x000000008e600000|100%|HS|  |TAMS 0x000000008e500000, 0x000000008e500000| Complete 
| 176|0x000000008e600000, 0x000000008e700000, 0x000000008e700000|100%|HC|  |TAMS 0x000000008e600000, 0x000000008e600000| Complete 
| 177|0x000000008e700000, 0x000000008e800000, 0x000000008e800000|100%|HS|  |TAMS 0x000000008e700000, 0x000000008e700000| Complete 
| 178|0x000000008e800000, 0x000000008e900000, 0x000000008e900000|100%|HC|  |TAMS 0x000000008e800000, 0x000000008e800000| Complete 
| 179|0x000000008e900000, 0x000000008ea00000, 0x000000008ea00000|100%| O|  |TAMS 0x000000008e900000, 0x000000008e900000| Untracked 
| 180|0x000000008ea00000, 0x000000008eb00000, 0x000000008eb00000|100%| O|  |TAMS 0x000000008ea00000, 0x000000008ea00000| Untracked 
| 181|0x000000008eb00000, 0x000000008ec00000, 0x000000008ec00000|100%| O|  |TAMS 0x000000008eb00000, 0x000000008eb00000| Untracked 
| 182|0x000000008ec00000, 0x000000008ed00000, 0x000000008ed00000|100%|HS|  |TAMS 0x000000008ec00000, 0x000000008ec00000| Complete 
| 183|0x000000008ed00000, 0x000000008ee00000, 0x000000008ee00000|100%| O|  |TAMS 0x000000008ed00000, 0x000000008ed00000| Untracked 
| 184|0x000000008ee00000, 0x000000008ef00000, 0x000000008ef00000|100%| O|  |TAMS 0x000000008ee00000, 0x000000008ee00000| Untracked 
| 185|0x000000008ef00000, 0x000000008f000000, 0x000000008f000000|100%| O|  |TAMS 0x000000008ef00000, 0x000000008ef00000| Untracked 
| 186|0x000000008f000000, 0x000000008f100000, 0x000000008f100000|100%| O|  |TAMS 0x000000008f000000, 0x000000008f000000| Untracked 
| 187|0x000000008f100000, 0x000000008f200000, 0x000000008f200000|100%| O|  |TAMS 0x000000008f100000, 0x000000008f100000| Untracked 
| 188|0x000000008f200000, 0x000000008f300000, 0x000000008f300000|100%| O|  |TAMS 0x000000008f200000, 0x000000008f200000| Untracked 
| 189|0x000000008f300000, 0x000000008f400000, 0x000000008f400000|100%| O|  |TAMS 0x000000008f300000, 0x000000008f300000| Untracked 
| 190|0x000000008f400000, 0x000000008f500000, 0x000000008f500000|100%| O|  |TAMS 0x000000008f400000, 0x000000008f400000| Untracked 
| 191|0x000000008f500000, 0x000000008f600000, 0x000000008f600000|100%| O|  |TAMS 0x000000008f500000, 0x000000008f500000| Untracked 
| 192|0x000000008f600000, 0x000000008f700000, 0x000000008f700000|100%| O|  |TAMS 0x000000008f600000, 0x000000008f600000| Untracked 
| 193|0x000000008f700000, 0x000000008f800000, 0x000000008f800000|100%| O|  |TAMS 0x000000008f700000, 0x000000008f700000| Untracked 
| 194|0x000000008f800000, 0x000000008f900000, 0x000000008f900000|100%| O|  |TAMS 0x000000008f800000, 0x000000008f800000| Untracked 
| 195|0x000000008f900000, 0x000000008fa00000, 0x000000008fa00000|100%| O|  |TAMS 0x000000008f900000, 0x000000008f900000| Untracked 
| 196|0x000000008fa00000, 0x000000008fb00000, 0x000000008fb00000|100%| O|  |TAMS 0x000000008fa00000, 0x000000008fa00000| Untracked 
| 197|0x000000008fb00000, 0x000000008fc00000, 0x000000008fc00000|100%| O|  |TAMS 0x000000008fb00000, 0x000000008fb00000| Untracked 
| 198|0x000000008fc00000, 0x000000008fd00000, 0x000000008fd00000|100%| O|  |TAMS 0x000000008fc00000, 0x000000008fc00000| Untracked 
| 199|0x000000008fd00000, 0x000000008fe00000, 0x000000008fe00000|100%| O|  |TAMS 0x000000008fd00000, 0x000000008fd00000| Untracked 
| 200|0x000000008fe00000, 0x000000008ff00000, 0x000000008ff00000|100%| O|  |TAMS 0x000000008fe00000, 0x000000008fe00000| Untracked 
| 201|0x000000008ff00000, 0x0000000090000000, 0x0000000090000000|100%| O|  |TAMS 0x000000008ff00000, 0x000000008ff00000| Untracked 
| 202|0x0000000090000000, 0x0000000090100000, 0x0000000090100000|100%| O|  |TAMS 0x0000000090000000, 0x0000000090000000| Untracked 
| 203|0x0000000090100000, 0x0000000090200000, 0x0000000090200000|100%| O|  |TAMS 0x0000000090100000, 0x0000000090100000| Untracked 
| 204|0x0000000090200000, 0x0000000090300000, 0x0000000090300000|100%| O|  |TAMS 0x0000000090200000, 0x0000000090200000| Untracked 
| 205|0x0000000090300000, 0x0000000090400000, 0x0000000090400000|100%| O|  |TAMS 0x0000000090300000, 0x0000000090300000| Untracked 
| 206|0x0000000090400000, 0x0000000090500000, 0x0000000090500000|100%| O|  |TAMS 0x0000000090400000, 0x0000000090400000| Untracked 
| 207|0x0000000090500000, 0x0000000090600000, 0x0000000090600000|100%| O|  |TAMS 0x0000000090500000, 0x0000000090500000| Untracked 
| 208|0x0000000090600000, 0x0000000090700000, 0x0000000090700000|100%| O|  |TAMS 0x0000000090600000, 0x0000000090600000| Untracked 
| 209|0x0000000090700000, 0x0000000090800000, 0x0000000090800000|100%| O|  |TAMS 0x0000000090700000, 0x0000000090700000| Untracked 
| 210|0x0000000090800000, 0x0000000090900000, 0x0000000090900000|100%| O|  |TAMS 0x0000000090800000, 0x0000000090800000| Untracked 
| 211|0x0000000090900000, 0x0000000090a00000, 0x0000000090a00000|100%| O|  |TAMS 0x0000000090900000, 0x0000000090900000| Untracked 
| 212|0x0000000090a00000, 0x0000000090b00000, 0x0000000090b00000|100%| O|  |TAMS 0x0000000090a00000, 0x0000000090a00000| Untracked 
| 213|0x0000000090b00000, 0x0000000090c00000, 0x0000000090c00000|100%| O|  |TAMS 0x0000000090b00000, 0x0000000090b00000| Untracked 
| 214|0x0000000090c00000, 0x0000000090d00000, 0x0000000090d00000|100%| O|  |TAMS 0x0000000090c00000, 0x0000000090c00000| Untracked 
| 215|0x0000000090d00000, 0x0000000090e00000, 0x0000000090e00000|100%| O|  |TAMS 0x0000000090d00000, 0x0000000090d00000| Untracked 
| 216|0x0000000090e00000, 0x0000000090f00000, 0x0000000090f00000|100%| O|  |TAMS 0x0000000090e00000, 0x0000000090e00000| Untracked 
| 217|0x0000000090f00000, 0x0000000091000000, 0x0000000091000000|100%| O|  |TAMS 0x0000000090f00000, 0x0000000090f00000| Untracked 
| 218|0x0000000091000000, 0x0000000091100000, 0x0000000091100000|100%| O|  |TAMS 0x0000000091000000, 0x0000000091000000| Untracked 
| 219|0x0000000091100000, 0x0000000091200000, 0x0000000091200000|100%| O|  |TAMS 0x0000000091100000, 0x0000000091100000| Untracked 
| 220|0x0000000091200000, 0x0000000091300000, 0x0000000091300000|100%| O|  |TAMS 0x0000000091200000, 0x0000000091200000| Untracked 
| 221|0x0000000091300000, 0x0000000091400000, 0x0000000091400000|100%|HS|  |TAMS 0x0000000091300000, 0x0000000091300000| Complete 
| 222|0x0000000091400000, 0x0000000091500000, 0x0000000091500000|100%|HC|  |TAMS 0x0000000091400000, 0x0000000091400000| Complete 
| 223|0x0000000091500000, 0x0000000091600000, 0x0000000091600000|100%|HS|  |TAMS 0x0000000091500000, 0x0000000091500000| Complete 
| 224|0x0000000091600000, 0x0000000091700000, 0x0000000091700000|100%|HC|  |TAMS 0x0000000091600000, 0x0000000091600000| Complete 
| 225|0x0000000091700000, 0x0000000091800000, 0x0000000091800000|100%| O|  |TAMS 0x0000000091700000, 0x0000000091700000| Untracked 
| 226|0x0000000091800000, 0x0000000091900000, 0x0000000091900000|100%| O|  |TAMS 0x0000000091800000, 0x0000000091800000| Untracked 
| 227|0x0000000091900000, 0x0000000091a00000, 0x0000000091a00000|100%| O|  |TAMS 0x0000000091900000, 0x0000000091900000| Untracked 
| 228|0x0000000091a00000, 0x0000000091b00000, 0x0000000091b00000|100%| O|  |TAMS 0x0000000091a00000, 0x0000000091a00000| Untracked 
| 229|0x0000000091b00000, 0x0000000091c00000, 0x0000000091c00000|100%| O|  |TAMS 0x0000000091b00000, 0x0000000091b00000| Untracked 
| 230|0x0000000091c00000, 0x0000000091d00000, 0x0000000091d00000|100%| O|  |TAMS 0x0000000091c00000, 0x0000000091c00000| Untracked 
| 231|0x0000000091d00000, 0x0000000091e00000, 0x0000000091e00000|100%| O|  |TAMS 0x0000000091d00000, 0x0000000091d00000| Untracked 
| 232|0x0000000091e00000, 0x0000000091f00000, 0x0000000091f00000|100%| O|  |TAMS 0x0000000091e00000, 0x0000000091e00000| Untracked 
| 233|0x0000000091f00000, 0x0000000092000000, 0x0000000092000000|100%| O|  |TAMS 0x0000000091f00000, 0x0000000091f00000| Untracked 
| 234|0x0000000092000000, 0x0000000092100000, 0x0000000092100000|100%| O|  |TAMS 0x0000000092000000, 0x0000000092000000| Untracked 
| 235|0x0000000092100000, 0x0000000092200000, 0x0000000092200000|100%| O|  |TAMS 0x0000000092100000, 0x0000000092100000| Untracked 
| 236|0x0000000092200000, 0x0000000092300000, 0x0000000092300000|100%| O|  |TAMS 0x0000000092200000, 0x0000000092200000| Untracked 
| 237|0x0000000092300000, 0x0000000092400000, 0x0000000092400000|100%| O|  |TAMS 0x0000000092300000, 0x0000000092300000| Untracked 
| 238|0x0000000092400000, 0x0000000092500000, 0x0000000092500000|100%| O|  |TAMS 0x0000000092400000, 0x0000000092400000| Untracked 
| 239|0x0000000092500000, 0x0000000092600000, 0x0000000092600000|100%| O|  |TAMS 0x0000000092500000, 0x0000000092500000| Untracked 
| 240|0x0000000092600000, 0x0000000092700000, 0x0000000092700000|100%| O|  |TAMS 0x0000000092600000, 0x0000000092600000| Untracked 
| 241|0x0000000092700000, 0x0000000092800000, 0x0000000092800000|100%| O|  |TAMS 0x0000000092700000, 0x0000000092700000| Untracked 
| 242|0x0000000092800000, 0x0000000092900000, 0x0000000092900000|100%| O|  |TAMS 0x0000000092800000, 0x0000000092800000| Untracked 
| 243|0x0000000092900000, 0x0000000092a00000, 0x0000000092a00000|100%| O|  |TAMS 0x0000000092900000, 0x0000000092900000| Untracked 
| 244|0x0000000092a00000, 0x0000000092b00000, 0x0000000092b00000|100%| O|  |TAMS 0x0000000092a00000, 0x0000000092a00000| Untracked 
| 245|0x0000000092b00000, 0x0000000092c00000, 0x0000000092c00000|100%| O|  |TAMS 0x0000000092b00000, 0x0000000092b00000| Untracked 
| 246|0x0000000092c00000, 0x0000000092d00000, 0x0000000092d00000|100%| O|  |TAMS 0x0000000092c00000, 0x0000000092c00000| Untracked 
| 247|0x0000000092d00000, 0x0000000092e00000, 0x0000000092e00000|100%| O|  |TAMS 0x0000000092d00000, 0x0000000092d00000| Untracked 
| 248|0x0000000092e00000, 0x0000000092f00000, 0x0000000092f00000|100%| O|  |TAMS 0x0000000092e00000, 0x0000000092e00000| Untracked 
| 249|0x0000000092f00000, 0x0000000093000000, 0x0000000093000000|100%| O|  |TAMS 0x0000000092f00000, 0x0000000092f00000| Untracked 
| 250|0x0000000093000000, 0x0000000093100000, 0x0000000093100000|100%| O|  |TAMS 0x0000000093000000, 0x0000000093000000| Untracked 
| 251|0x0000000093100000, 0x0000000093200000, 0x0000000093200000|100%|HS|  |TAMS 0x0000000093100000, 0x0000000093100000| Complete 
| 252|0x0000000093200000, 0x0000000093300000, 0x0000000093300000|100%|HS|  |TAMS 0x0000000093200000, 0x0000000093200000| Complete 
| 253|0x0000000093300000, 0x0000000093400000, 0x0000000093400000|100%|HC|  |TAMS 0x0000000093300000, 0x0000000093300000| Complete 
| 254|0x0000000093400000, 0x0000000093500000, 0x0000000093500000|100%|HS|  |TAMS 0x0000000093400000, 0x0000000093400000| Complete 
| 255|0x0000000093500000, 0x0000000093600000, 0x0000000093600000|100%|HC|  |TAMS 0x0000000093500000, 0x0000000093500000| Complete 
| 256|0x0000000093600000, 0x0000000093700000, 0x0000000093700000|100%| O|  |TAMS 0x0000000093600000, 0x0000000093600000| Untracked 
| 257|0x0000000093700000, 0x0000000093800000, 0x0000000093800000|100%| O|  |TAMS 0x0000000093700000, 0x0000000093700000| Untracked 
| 258|0x0000000093800000, 0x0000000093900000, 0x0000000093900000|100%| O|  |TAMS 0x0000000093800000, 0x0000000093800000| Untracked 
| 259|0x0000000093900000, 0x0000000093a00000, 0x0000000093a00000|100%| O|  |TAMS 0x0000000093900000, 0x0000000093900000| Untracked 
| 260|0x0000000093a00000, 0x0000000093b00000, 0x0000000093b00000|100%| O|  |TAMS 0x0000000093a00000, 0x0000000093a00000| Untracked 
| 261|0x0000000093b00000, 0x0000000093c00000, 0x0000000093c00000|100%| O|  |TAMS 0x0000000093b00000, 0x0000000093b00000| Untracked 
| 262|0x0000000093c00000, 0x0000000093d00000, 0x0000000093d00000|100%| O|  |TAMS 0x0000000093c00000, 0x0000000093c00000| Untracked 
| 263|0x0000000093d00000, 0x0000000093e00000, 0x0000000093e00000|100%| O|  |TAMS 0x0000000093d00000, 0x0000000093d00000| Untracked 
| 264|0x0000000093e00000, 0x0000000093f00000, 0x0000000093f00000|100%| O|  |TAMS 0x0000000093e00000, 0x0000000093e00000| Untracked 
| 265|0x0000000093f00000, 0x0000000094000000, 0x0000000094000000|100%| O|  |TAMS 0x0000000093f00000, 0x0000000093f00000| Untracked 
| 266|0x0000000094000000, 0x0000000094100000, 0x0000000094100000|100%| O|  |TAMS 0x0000000094000000, 0x0000000094000000| Untracked 
| 267|0x0000000094100000, 0x0000000094200000, 0x0000000094200000|100%| O|  |TAMS 0x0000000094100000, 0x0000000094100000| Untracked 
| 268|0x0000000094200000, 0x0000000094200000, 0x0000000094300000|  0%| F|  |TAMS 0x0000000094200000, 0x0000000094200000| Untracked 
| 269|0x0000000094300000, 0x0000000094300000, 0x0000000094400000|  0%| F|  |TAMS 0x0000000094300000, 0x0000000094300000| Untracked 
| 270|0x0000000094400000, 0x0000000094400000, 0x0000000094500000|  0%| F|  |TAMS 0x0000000094400000, 0x0000000094400000| Untracked 
| 271|0x0000000094500000, 0x0000000094600000, 0x0000000094600000|100%|HS|  |TAMS 0x0000000094500000, 0x0000000094500000| Complete 
| 272|0x0000000094600000, 0x0000000094700000, 0x0000000094700000|100%|HC|  |TAMS 0x0000000094600000, 0x0000000094600000| Complete 
| 273|0x0000000094700000, 0x0000000094800000, 0x0000000094800000|100%|HC|  |TAMS 0x0000000094700000, 0x0000000094700000| Complete 
| 274|0x0000000094800000, 0x0000000094900000, 0x0000000094900000|100%| O|  |TAMS 0x0000000094800000, 0x0000000094800000| Untracked 
| 275|0x0000000094900000, 0x0000000094a00000, 0x0000000094a00000|100%| O|  |TAMS 0x0000000094900000, 0x0000000094900000| Untracked 
| 276|0x0000000094a00000, 0x0000000094b00000, 0x0000000094b00000|100%| O|  |TAMS 0x0000000094a00000, 0x0000000094a00000| Untracked 
| 277|0x0000000094b00000, 0x0000000094c00000, 0x0000000094c00000|100%| O|  |TAMS 0x0000000094b00000, 0x0000000094b00000| Untracked 
| 278|0x0000000094c00000, 0x0000000094d00000, 0x0000000094d00000|100%| O|  |TAMS 0x0000000094c00000, 0x0000000094c00000| Untracked 
| 279|0x0000000094d00000, 0x0000000094e00000, 0x0000000094e00000|100%| O|  |TAMS 0x0000000094d00000, 0x0000000094d00000| Untracked 
| 280|0x0000000094e00000, 0x0000000094f00000, 0x0000000094f00000|100%| O|  |TAMS 0x0000000094e00000, 0x0000000094e00000| Untracked 
| 281|0x0000000094f00000, 0x0000000095000000, 0x0000000095000000|100%| O|  |TAMS 0x0000000094f00000, 0x0000000094f00000| Untracked 
| 282|0x0000000095000000, 0x0000000095100000, 0x0000000095100000|100%| O|  |TAMS 0x0000000095000000, 0x0000000095000000| Untracked 
| 283|0x0000000095100000, 0x0000000095200000, 0x0000000095200000|100%| O|  |TAMS 0x0000000095100000, 0x0000000095100000| Untracked 
| 284|0x0000000095200000, 0x0000000095300000, 0x0000000095300000|100%| O|  |TAMS 0x0000000095200000, 0x0000000095200000| Untracked 
| 285|0x0000000095300000, 0x00000000953f0400, 0x0000000095400000| 93%| O|  |TAMS 0x0000000095300000, 0x0000000095300000| Untracked 
| 286|0x0000000095400000, 0x0000000095400000, 0x0000000095500000|  0%| F|  |TAMS 0x0000000095400000, 0x0000000095400000| Untracked 
| 287|0x0000000095500000, 0x0000000095500000, 0x0000000095600000|  0%| F|  |TAMS 0x0000000095500000, 0x0000000095500000| Untracked 
| 288|0x0000000095600000, 0x0000000095600000, 0x0000000095700000|  0%| F|  |TAMS 0x0000000095600000, 0x0000000095600000| Untracked 
| 289|0x0000000095700000, 0x0000000095700000, 0x0000000095800000|  0%| F|  |TAMS 0x0000000095700000, 0x0000000095700000| Untracked 
| 290|0x0000000095800000, 0x0000000095800000, 0x0000000095900000|  0%| F|  |TAMS 0x0000000095800000, 0x0000000095800000| Untracked 
| 291|0x0000000095900000, 0x0000000095900000, 0x0000000095a00000|  0%| F|  |TAMS 0x0000000095900000, 0x0000000095900000| Untracked 
| 292|0x0000000095a00000, 0x0000000095a00000, 0x0000000095b00000|  0%| F|  |TAMS 0x0000000095a00000, 0x0000000095a00000| Untracked 
| 293|0x0000000095b00000, 0x0000000095b00000, 0x0000000095c00000|  0%| F|  |TAMS 0x0000000095b00000, 0x0000000095b00000| Untracked 
| 294|0x0000000095c00000, 0x0000000095c00000, 0x0000000095d00000|  0%| F|  |TAMS 0x0000000095c00000, 0x0000000095c00000| Untracked 
| 295|0x0000000095d00000, 0x0000000095d00000, 0x0000000095e00000|  0%| F|  |TAMS 0x0000000095d00000, 0x0000000095d00000| Untracked 
| 296|0x0000000095e00000, 0x0000000095e00000, 0x0000000095f00000|  0%| F|  |TAMS 0x0000000095e00000, 0x0000000095e00000| Untracked 
| 297|0x0000000095f00000, 0x0000000095f00000, 0x0000000096000000|  0%| F|  |TAMS 0x0000000095f00000, 0x0000000095f00000| Untracked 
| 298|0x0000000096000000, 0x0000000096000000, 0x0000000096100000|  0%| F|  |TAMS 0x0000000096000000, 0x0000000096000000| Untracked 
| 299|0x0000000096100000, 0x0000000096100000, 0x0000000096200000|  0%| F|  |TAMS 0x0000000096100000, 0x0000000096100000| Untracked 
| 300|0x0000000096200000, 0x0000000096200000, 0x0000000096300000|  0%| F|  |TAMS 0x0000000096200000, 0x0000000096200000| Untracked 
| 301|0x0000000096300000, 0x0000000096300000, 0x0000000096400000|  0%| F|  |TAMS 0x0000000096300000, 0x0000000096300000| Untracked 
| 302|0x0000000096400000, 0x0000000096400000, 0x0000000096500000|  0%| F|  |TAMS 0x0000000096400000, 0x0000000096400000| Untracked 
| 303|0x0000000096500000, 0x0000000096500000, 0x0000000096600000|  0%| F|  |TAMS 0x0000000096500000, 0x0000000096500000| Untracked 
| 304|0x0000000096600000, 0x0000000096600000, 0x0000000096700000|  0%| F|  |TAMS 0x0000000096600000, 0x0000000096600000| Untracked 
| 305|0x0000000096700000, 0x0000000096700000, 0x0000000096800000|  0%| F|  |TAMS 0x0000000096700000, 0x0000000096700000| Untracked 
| 306|0x0000000096800000, 0x0000000096800000, 0x0000000096900000|  0%| F|  |TAMS 0x0000000096800000, 0x0000000096800000| Untracked 
| 307|0x0000000096900000, 0x0000000096900000, 0x0000000096a00000|  0%| F|  |TAMS 0x0000000096900000, 0x0000000096900000| Untracked 
| 308|0x0000000096a00000, 0x0000000096a00000, 0x0000000096b00000|  0%| F|  |TAMS 0x0000000096a00000, 0x0000000096a00000| Untracked 
| 309|0x0000000096b00000, 0x0000000096b00000, 0x0000000096c00000|  0%| F|  |TAMS 0x0000000096b00000, 0x0000000096b00000| Untracked 
| 310|0x0000000096c00000, 0x0000000096c00000, 0x0000000096d00000|  0%| F|  |TAMS 0x0000000096c00000, 0x0000000096c00000| Untracked 
| 311|0x0000000096d00000, 0x0000000096d00000, 0x0000000096e00000|  0%| F|  |TAMS 0x0000000096d00000, 0x0000000096d00000| Untracked 
| 312|0x0000000096e00000, 0x0000000096e00000, 0x0000000096f00000|  0%| F|  |TAMS 0x0000000096e00000, 0x0000000096e00000| Untracked 
| 313|0x0000000096f00000, 0x0000000096f00000, 0x0000000097000000|  0%| F|  |TAMS 0x0000000096f00000, 0x0000000096f00000| Untracked 
| 314|0x0000000097000000, 0x0000000097000000, 0x0000000097100000|  0%| F|  |TAMS 0x0000000097000000, 0x0000000097000000| Untracked 
| 315|0x0000000097100000, 0x0000000097100000, 0x0000000097200000|  0%| F|  |TAMS 0x0000000097100000, 0x0000000097100000| Untracked 
| 316|0x0000000097200000, 0x0000000097200000, 0x0000000097300000|  0%| F|  |TAMS 0x0000000097200000, 0x0000000097200000| Untracked 
| 317|0x0000000097300000, 0x0000000097300000, 0x0000000097400000|  0%| F|  |TAMS 0x0000000097300000, 0x0000000097300000| Untracked 
| 318|0x0000000097400000, 0x0000000097400000, 0x0000000097500000|  0%| F|  |TAMS 0x0000000097400000, 0x0000000097400000| Untracked 
| 319|0x0000000097500000, 0x0000000097500000, 0x0000000097600000|  0%| F|  |TAMS 0x0000000097500000, 0x0000000097500000| Untracked 
| 320|0x0000000097600000, 0x0000000097600000, 0x0000000097700000|  0%| F|  |TAMS 0x0000000097600000, 0x0000000097600000| Untracked 
| 321|0x0000000097700000, 0x0000000097700000, 0x0000000097800000|  0%| F|  |TAMS 0x0000000097700000, 0x0000000097700000| Untracked 
| 322|0x0000000097800000, 0x0000000097800000, 0x0000000097900000|  0%| F|  |TAMS 0x0000000097800000, 0x0000000097800000| Untracked 
| 323|0x0000000097900000, 0x0000000097900000, 0x0000000097a00000|  0%| F|  |TAMS 0x0000000097900000, 0x0000000097900000| Untracked 
| 324|0x0000000097a00000, 0x0000000097a00000, 0x0000000097b00000|  0%| F|  |TAMS 0x0000000097a00000, 0x0000000097a00000| Untracked 
| 325|0x0000000097b00000, 0x0000000097b00000, 0x0000000097c00000|  0%| F|  |TAMS 0x0000000097b00000, 0x0000000097b00000| Untracked 
| 326|0x0000000097c00000, 0x0000000097c00000, 0x0000000097d00000|  0%| F|  |TAMS 0x0000000097c00000, 0x0000000097c00000| Untracked 
| 327|0x0000000097d00000, 0x0000000097d00000, 0x0000000097e00000|  0%| F|  |TAMS 0x0000000097d00000, 0x0000000097d00000| Untracked 
| 328|0x0000000097e00000, 0x0000000097e00000, 0x0000000097f00000|  0%| F|  |TAMS 0x0000000097e00000, 0x0000000097e00000| Untracked 
| 329|0x0000000097f00000, 0x0000000097f00000, 0x0000000098000000|  0%| F|  |TAMS 0x0000000097f00000, 0x0000000097f00000| Untracked 
| 330|0x0000000098000000, 0x0000000098000000, 0x0000000098100000|  0%| F|  |TAMS 0x0000000098000000, 0x0000000098000000| Untracked 
| 331|0x0000000098100000, 0x0000000098100000, 0x0000000098200000|  0%| F|  |TAMS 0x0000000098100000, 0x0000000098100000| Untracked 
| 332|0x0000000098200000, 0x0000000098200000, 0x0000000098300000|  0%| F|  |TAMS 0x0000000098200000, 0x0000000098200000| Untracked 
| 333|0x0000000098300000, 0x0000000098300000, 0x0000000098400000|  0%| F|  |TAMS 0x0000000098300000, 0x0000000098300000| Untracked 
| 334|0x0000000098400000, 0x0000000098400000, 0x0000000098500000|  0%| F|  |TAMS 0x0000000098400000, 0x0000000098400000| Untracked 
| 335|0x0000000098500000, 0x0000000098500000, 0x0000000098600000|  0%| F|  |TAMS 0x0000000098500000, 0x0000000098500000| Untracked 
| 336|0x0000000098600000, 0x0000000098600000, 0x0000000098700000|  0%| F|  |TAMS 0x0000000098600000, 0x0000000098600000| Untracked 
| 337|0x0000000098700000, 0x0000000098700000, 0x0000000098800000|  0%| F|  |TAMS 0x0000000098700000, 0x0000000098700000| Untracked 
| 338|0x0000000098800000, 0x0000000098800000, 0x0000000098900000|  0%| F|  |TAMS 0x0000000098800000, 0x0000000098800000| Untracked 
| 339|0x0000000098900000, 0x0000000098900000, 0x0000000098a00000|  0%| F|  |TAMS 0x0000000098900000, 0x0000000098900000| Untracked 
| 340|0x0000000098a00000, 0x0000000098a00000, 0x0000000098b00000|  0%| F|  |TAMS 0x0000000098a00000, 0x0000000098a00000| Untracked 
| 341|0x0000000098b00000, 0x0000000098b00000, 0x0000000098c00000|  0%| F|  |TAMS 0x0000000098b00000, 0x0000000098b00000| Untracked 
| 342|0x0000000098c00000, 0x0000000098c00000, 0x0000000098d00000|  0%| F|  |TAMS 0x0000000098c00000, 0x0000000098c00000| Untracked 
| 343|0x0000000098d00000, 0x0000000098d00000, 0x0000000098e00000|  0%| F|  |TAMS 0x0000000098d00000, 0x0000000098d00000| Untracked 
| 344|0x0000000098e00000, 0x0000000098e00000, 0x0000000098f00000|  0%| F|  |TAMS 0x0000000098e00000, 0x0000000098e00000| Untracked 
| 345|0x0000000098f00000, 0x0000000098f00000, 0x0000000099000000|  0%| F|  |TAMS 0x0000000098f00000, 0x0000000098f00000| Untracked 
| 346|0x0000000099000000, 0x0000000099000000, 0x0000000099100000|  0%| F|  |TAMS 0x0000000099000000, 0x0000000099000000| Untracked 
| 347|0x0000000099100000, 0x0000000099100000, 0x0000000099200000|  0%| F|  |TAMS 0x0000000099100000, 0x0000000099100000| Untracked 
| 348|0x0000000099200000, 0x00000000992dc1a8, 0x0000000099300000| 85%| S|CS|TAMS 0x0000000099200000, 0x0000000099200000| Complete 
| 349|0x0000000099300000, 0x0000000099400000, 0x0000000099400000|100%| S|CS|TAMS 0x0000000099300000, 0x0000000099300000| Complete 
| 350|0x0000000099400000, 0x0000000099500000, 0x0000000099500000|100%| S|CS|TAMS 0x0000000099400000, 0x0000000099400000| Complete 
| 351|0x0000000099500000, 0x0000000099500000, 0x0000000099600000|  0%| F|  |TAMS 0x0000000099500000, 0x0000000099500000| Untracked 
| 352|0x0000000099600000, 0x0000000099600000, 0x0000000099700000|  0%| F|  |TAMS 0x0000000099600000, 0x0000000099600000| Untracked 
| 353|0x0000000099700000, 0x0000000099700000, 0x0000000099800000|  0%| F|  |TAMS 0x0000000099700000, 0x0000000099700000| Untracked 
| 354|0x0000000099800000, 0x0000000099800000, 0x0000000099900000|  0%| F|  |TAMS 0x0000000099800000, 0x0000000099800000| Untracked 
| 355|0x0000000099900000, 0x0000000099900000, 0x0000000099a00000|  0%| F|  |TAMS 0x0000000099900000, 0x0000000099900000| Untracked 
| 356|0x0000000099a00000, 0x0000000099a00000, 0x0000000099b00000|  0%| F|  |TAMS 0x0000000099a00000, 0x0000000099a00000| Untracked 
| 357|0x0000000099b00000, 0x0000000099b00000, 0x0000000099c00000|  0%| F|  |TAMS 0x0000000099b00000, 0x0000000099b00000| Untracked 
| 358|0x0000000099c00000, 0x0000000099c00000, 0x0000000099d00000|  0%| F|  |TAMS 0x0000000099c00000, 0x0000000099c00000| Untracked 
| 359|0x0000000099d00000, 0x0000000099d00000, 0x0000000099e00000|  0%| F|  |TAMS 0x0000000099d00000, 0x0000000099d00000| Untracked 
| 360|0x0000000099e00000, 0x0000000099e00000, 0x0000000099f00000|  0%| F|  |TAMS 0x0000000099e00000, 0x0000000099e00000| Untracked 
| 361|0x0000000099f00000, 0x0000000099f00000, 0x000000009a000000|  0%| F|  |TAMS 0x0000000099f00000, 0x0000000099f00000| Untracked 
| 362|0x000000009a000000, 0x000000009a000000, 0x000000009a100000|  0%| F|  |TAMS 0x000000009a000000, 0x000000009a000000| Untracked 
| 363|0x000000009a100000, 0x000000009a100000, 0x000000009a200000|  0%| F|  |TAMS 0x000000009a100000, 0x000000009a100000| Untracked 
| 364|0x000000009a200000, 0x000000009a200000, 0x000000009a300000|  0%| F|  |TAMS 0x000000009a200000, 0x000000009a200000| Untracked 
| 365|0x000000009a300000, 0x000000009a300000, 0x000000009a400000|  0%| F|  |TAMS 0x000000009a300000, 0x000000009a300000| Untracked 
| 366|0x000000009a400000, 0x000000009a400000, 0x000000009a500000|  0%| F|  |TAMS 0x000000009a400000, 0x000000009a400000| Untracked 
| 367|0x000000009a500000, 0x000000009a500000, 0x000000009a600000|  0%| F|  |TAMS 0x000000009a500000, 0x000000009a500000| Untracked 
| 368|0x000000009a600000, 0x000000009a600000, 0x000000009a700000|  0%| F|  |TAMS 0x000000009a600000, 0x000000009a600000| Untracked 
| 369|0x000000009a700000, 0x000000009a700000, 0x000000009a800000|  0%| F|  |TAMS 0x000000009a700000, 0x000000009a700000| Untracked 
| 370|0x000000009a800000, 0x000000009a800000, 0x000000009a900000|  0%| F|  |TAMS 0x000000009a800000, 0x000000009a800000| Untracked 
| 371|0x000000009a900000, 0x000000009a900000, 0x000000009aa00000|  0%| F|  |TAMS 0x000000009a900000, 0x000000009a900000| Untracked 
| 372|0x000000009aa00000, 0x000000009aa00000, 0x000000009ab00000|  0%| F|  |TAMS 0x000000009aa00000, 0x000000009aa00000| Untracked 
| 373|0x000000009ab00000, 0x000000009ab00000, 0x000000009ac00000|  0%| F|  |TAMS 0x000000009ab00000, 0x000000009ab00000| Untracked 
| 374|0x000000009ac00000, 0x000000009ac00000, 0x000000009ad00000|  0%| F|  |TAMS 0x000000009ac00000, 0x000000009ac00000| Untracked 
| 375|0x000000009ad00000, 0x000000009ad00000, 0x000000009ae00000|  0%| F|  |TAMS 0x000000009ad00000, 0x000000009ad00000| Untracked 
| 376|0x000000009ae00000, 0x000000009ae90010, 0x000000009af00000| 56%| E|  |TAMS 0x000000009ae00000, 0x000000009ae00000| Complete 
| 377|0x000000009af00000, 0x000000009b000000, 0x000000009b000000|100%| E|  |TAMS 0x000000009af00000, 0x000000009af00000| Complete 
| 378|0x000000009b000000, 0x000000009b100000, 0x000000009b100000|100%| E|CS|TAMS 0x000000009b000000, 0x000000009b000000| Complete 
| 379|0x000000009b100000, 0x000000009b200000, 0x000000009b200000|100%| E|CS|TAMS 0x000000009b100000, 0x000000009b100000| Complete 
| 380|0x000000009b200000, 0x000000009b300000, 0x000000009b300000|100%| E|CS|TAMS 0x000000009b200000, 0x000000009b200000| Complete 
| 381|0x000000009b300000, 0x000000009b400000, 0x000000009b400000|100%| E|CS|TAMS 0x000000009b300000, 0x000000009b300000| Complete 
| 382|0x000000009b400000, 0x000000009b500000, 0x000000009b500000|100%| E|CS|TAMS 0x000000009b400000, 0x000000009b400000| Complete 
| 383|0x000000009b500000, 0x000000009b600000, 0x000000009b600000|100%| E|CS|TAMS 0x000000009b500000, 0x000000009b500000| Complete 
| 384|0x000000009b600000, 0x000000009b700000, 0x000000009b700000|100%| E|CS|TAMS 0x000000009b600000, 0x000000009b600000| Complete 
| 385|0x000000009b700000, 0x000000009b800000, 0x000000009b800000|100%| E|CS|TAMS 0x000000009b700000, 0x000000009b700000| Complete 
| 386|0x000000009b800000, 0x000000009b900000, 0x000000009b900000|100%| E|CS|TAMS 0x000000009b800000, 0x000000009b800000| Complete 
| 387|0x000000009b900000, 0x000000009ba00000, 0x000000009ba00000|100%| E|CS|TAMS 0x000000009b900000, 0x000000009b900000| Complete 
| 388|0x000000009ba00000, 0x000000009bb00000, 0x000000009bb00000|100%| E|CS|TAMS 0x000000009ba00000, 0x000000009ba00000| Complete 
| 389|0x000000009bb00000, 0x000000009bc00000, 0x000000009bc00000|100%| E|CS|TAMS 0x000000009bb00000, 0x000000009bb00000| Complete 
| 390|0x000000009bc00000, 0x000000009bd00000, 0x000000009bd00000|100%| E|CS|TAMS 0x000000009bc00000, 0x000000009bc00000| Complete 
| 391|0x000000009bd00000, 0x000000009be00000, 0x000000009be00000|100%| E|CS|TAMS 0x000000009bd00000, 0x000000009bd00000| Complete 
| 392|0x000000009be00000, 0x000000009bf00000, 0x000000009bf00000|100%| E|CS|TAMS 0x000000009be00000, 0x000000009be00000| Complete 
|1991|0x00000000ffd00000, 0x00000000ffe00000, 0x00000000ffe00000|100%| O|  |TAMS 0x00000000ffe00000, 0x00000000ffd00000| Untracked 
|1992|0x00000000ffe00000, 0x00000000fff00000, 0x00000000fff00000|100%| O|  |TAMS 0x00000000fff00000, 0x00000000ffe00000| Untracked 
|1993|0x00000000fff00000, 0x0000000100000000, 0x0000000100000000|100%| O|  |TAMS 0x0000000100000000, 0x00000000fff00000| Untracked 

Card table byte_map: [0x0000022f33aa0000,0x0000022f33e90000] _byte_map_base: 0x0000022f33685000

Marking Bits (Prev, Next): (CMBitMap*) 0x0000022f1c8550b0, (CMBitMap*) 0x0000022f1c8550f0
 Prev Bits: [0x0000022f34280000, 0x0000022f361a8000)
 Next Bits: [0x0000022f361b0000, 0x0000022f380d8000)

Polling page: 0x0000022f1a680000

Metaspace:

Usage:
  Non-class:     63.72 MB used.
      Class:      7.78 MB used.
       Both:     71.50 MB used.

Virtual space:
  Non-class space:      128.00 MB reserved,      64.06 MB ( 50%) committed,  2 nodes.
      Class space:        1.00 GB reserved,       8.06 MB ( <1%) committed,  1 nodes.
             Both:        1.12 GB reserved,      72.12 MB (  6%) committed. 

Chunk freelists:
   Non-Class:  15.97 MB
       Class:  7.94 MB
        Both:  23.92 MB

MaxMetaspaceSize: unlimited
CompressedClassSpaceSize: 1.00 GB
Initial GC threshold: 21.00 MB
Current GC threshold: 83.06 MB
CDS: on
MetaspaceReclaimPolicy: balanced
 - commit_granule_bytes: 65536.
 - commit_granule_words: 8192.
 - virtual_space_node_default_size: 8388608.
 - enlarge_chunks_in_place: 1.
 - new_chunks_are_fully_committed: 0.
 - uncommit_free_chunks: 1.
 - use_allocation_guard: 0.
 - handle_deallocations: 1.


Internal statistics:

num_allocs_failed_limit: 6.
num_arena_births: 892.
num_arena_deaths: 0.
num_vsnodes_births: 3.
num_vsnodes_deaths: 0.
num_space_committed: 1144.
num_space_uncommitted: 0.
num_chunks_returned_to_freelist: 6.
num_chunks_taken_from_freelist: 2963.
num_chunk_merges: 6.
num_chunk_splits: 2041.
num_chunks_enlarged: 1450.
num_inconsistent_stats: 0.

CodeHeap 'non-profiled nmethods': size=120000Kb used=6011Kb max_used=6207Kb free=113989Kb
 bounds [0x0000022f2be50000, 0x0000022f2c470000, 0x0000022f33380000]
CodeHeap 'profiled nmethods': size=120000Kb used=17969Kb max_used=19124Kb free=102030Kb
 bounds [0x0000022f24380000, 0x0000022f25630000, 0x0000022f2b8b0000]
CodeHeap 'non-nmethods': size=5760Kb used=2180Kb max_used=2224Kb free=3580Kb
 bounds [0x0000022f2b8b0000, 0x0000022f2bb20000, 0x0000022f2be50000]
 total_blobs=9792 nmethods=8051 adapters=1653
 compilation: enabled
              stopped_count=0, restarted_count=0
 full_count=0

Compilation events (20 events):
Event: 30.964 Thread 0x0000022f3ab33530 10150       3       java.awt.MediaEntry::<init> (15 bytes)
Event: 30.964 Thread 0x0000022f3ab33530 nmethod 10150 0x0000022f2515a710 code [0x0000022f2515a8c0, 0x0000022f2515aa78]
Event: 30.964 Thread 0x0000022f3ab33530 10151       3       java.awt.MediaEntry::insert (53 bytes)
Event: 30.964 Thread 0x0000022f3ab33530 nmethod 10151 0x0000022f24ba6110 code [0x0000022f24ba62e0, 0x0000022f24ba65f8]
Event: 30.965 Thread 0x0000022f3ab33530 10152       3       java.awt.MediaTracker::removeImageImpl (72 bytes)
Event: 30.965 Thread 0x0000022f3ab33530 nmethod 10152 0x0000022f24978e10 code [0x0000022f24978fe0, 0x0000022f249795c8]
Event: 30.965 Thread 0x0000022f3ab33530 10153       3       java.awt.MediaEntry::cancel (6 bytes)
Event: 30.966 Thread 0x0000022f3ab33530 nmethod 10153 0x0000022f2524fa10 code [0x0000022f2524fba0, 0x0000022f2524fcb8]
Event: 30.977 Thread 0x0000022f3ab33530 10154       3       com.sun.jna.Memory::setByte (13 bytes)
Event: 30.978 Thread 0x0000022f3ab33530 nmethod 10154 0x0000022f24978910 code [0x0000022f24978ac0, 0x0000022f24978cf8]
Event: 30.978 Thread 0x0000022f3ab33530 10155       3       com.sun.jna.Pointer::setByte (11 bytes)
Event: 30.978 Thread 0x0000022f3ab33530 nmethod 10155 0x0000022f24ee9990 code [0x0000022f24ee9b40, 0x0000022f24ee9c88]
Event: 30.988 Thread 0x0000022f055636e0 nmethod 10113 0x0000022f2c45fd10 code [0x0000022f2c460180, 0x0000022f2c4671b0]
Event: 30.988 Thread 0x0000022f055636e0 10142       4       java.util.regex.Pattern::append (43 bytes)
Event: 30.995 Thread 0x0000022f055636e0 nmethod 10142 0x0000022f2c3da890 code [0x0000022f2c3daa20, 0x0000022f2c3daed8]
Event: 30.995 Thread 0x0000022f055636e0 10141   !   4       java.util.zip.Inflater::setInput (69 bytes)
Event: 30.998 Thread 0x0000022f055636e0 nmethod 10141 0x0000022f2c3d9f90 code [0x0000022f2c3da120, 0x0000022f2c3da4d8]
Event: 31.004 Thread 0x0000022f055636e0 10156   !   4       sun.awt.image.PNGImageDecoder::produceImage (1917 bytes)
Event: 31.020 Thread 0x0000022f3ab33530 10157   !   3       java.util.Vector$Itr::next (63 bytes)
Event: 31.021 Thread 0x0000022f3ab33530 nmethod 10157 0x0000022f24ee8c10 code [0x0000022f24ee8e00, 0x0000022f24ee9398]

GC Heap History (20 events):
Event: 13.181 GC heap before
{Heap before GC invocations=29 (full 0):
 garbage-first heap   total 405504K, used 201823K [0x0000000083600000, 0x0000000100000000)
  region size 1024K, 86 young (88064K), 2 survivors (2048K)
 Metaspace       used 53674K, committed 54080K, reserved 1114112K
  class space    used 5564K, committed 5760K, reserved 1048576K
}
Event: 13.213 GC heap after
{Heap after GC invocations=30 (full 0):
 garbage-first heap   total 405504K, used 183666K [0x0000000083600000, 0x0000000100000000)
  region size 1024K, 11 young (11264K), 11 survivors (11264K)
 Metaspace       used 53674K, committed 54080K, reserved 1114112K
  class space    used 5564K, committed 5760K, reserved 1048576K
}
Event: 16.030 GC heap before
{Heap before GC invocations=30 (full 0):
 garbage-first heap   total 405504K, used 259442K [0x0000000083600000, 0x0000000100000000)
  region size 1024K, 69 young (70656K), 11 survivors (11264K)
 Metaspace       used 59218K, committed 59712K, reserved 1114112K
  class space    used 6219K, committed 6464K, reserved 1048576K
}
Event: 16.051 GC heap after
{Heap after GC invocations=31 (full 0):
 garbage-first heap   total 405504K, used 233472K [0x0000000083600000, 0x0000000100000000)
  region size 1024K, 9 young (9216K), 9 survivors (9216K)
 Metaspace       used 59218K, committed 59712K, reserved 1114112K
  class space    used 6219K, committed 6464K, reserved 1048576K
}
Event: 17.087 GC heap before
{Heap before GC invocations=31 (full 0):
 garbage-first heap   total 405504K, used 291840K [0x0000000083600000, 0x0000000100000000)
  region size 1024K, 54 young (55296K), 9 survivors (9216K)
 Metaspace       used 61707K, committed 62272K, reserved 1114112K
  class space    used 6442K, committed 6720K, reserved 1048576K
}
Event: 17.104 GC heap after
{Heap after GC invocations=32 (full 0):
 garbage-first heap   total 405504K, used 246784K [0x0000000083600000, 0x0000000100000000)
  region size 1024K, 7 young (7168K), 7 survivors (7168K)
 Metaspace       used 61707K, committed 62272K, reserved 1114112K
  class space    used 6442K, committed 6720K, reserved 1048576K
}
Event: 18.686 GC heap before
{Heap before GC invocations=32 (full 0):
 garbage-first heap   total 405504K, used 292864K [0x0000000083600000, 0x0000000100000000)
  region size 1024K, 52 young (53248K), 7 survivors (7168K)
 Metaspace       used 62978K, committed 63616K, reserved 1114112K
  class space    used 6614K, committed 6912K, reserved 1048576K
}
Event: 18.699 GC heap after
{Heap after GC invocations=33 (full 0):
 garbage-first heap   total 405504K, used 253688K [0x0000000083600000, 0x0000000100000000)
  region size 1024K, 6 young (6144K), 6 survivors (6144K)
 Metaspace       used 62978K, committed 63616K, reserved 1114112K
  class space    used 6614K, committed 6912K, reserved 1048576K
}
Event: 22.202 GC heap before
{Heap before GC invocations=33 (full 0):
 garbage-first heap   total 405504K, used 302840K [0x0000000083600000, 0x0000000100000000)
  region size 1024K, 53 young (54272K), 6 survivors (6144K)
 Metaspace       used 65597K, committed 66304K, reserved 1114112K
  class space    used 7133K, committed 7488K, reserved 1048576K
}
Event: 22.218 GC heap after
{Heap after GC invocations=34 (full 0):
 garbage-first heap   total 405504K, used 260101K [0x0000000083600000, 0x0000000100000000)
  region size 1024K, 7 young (7168K), 7 survivors (7168K)
 Metaspace       used 65597K, committed 66304K, reserved 1114112K
  class space    used 7133K, committed 7488K, reserved 1048576K
}
Event: 24.555 GC heap before
{Heap before GC invocations=34 (full 0):
 garbage-first heap   total 405504K, used 319493K [0x0000000083600000, 0x0000000100000000)
  region size 1024K, 55 young (56320K), 7 survivors (7168K)
 Metaspace       used 69083K, committed 69696K, reserved 1114112K
  class space    used 7547K, committed 7808K, reserved 1048576K
}
Event: 24.565 GC heap after
{Heap after GC invocations=35 (full 0):
 garbage-first heap   total 405504K, used 272833K [0x0000000083600000, 0x0000000100000000)
  region size 1024K, 7 young (7168K), 7 survivors (7168K)
 Metaspace       used 69083K, committed 69696K, reserved 1114112K
  class space    used 7547K, committed 7808K, reserved 1048576K
}
Event: 26.524 GC heap before
{Heap before GC invocations=35 (full 0):
 garbage-first heap   total 405504K, used 317889K [0x0000000083600000, 0x0000000100000000)
  region size 1024K, 52 young (53248K), 7 survivors (7168K)
 Metaspace       used 70404K, committed 71104K, reserved 1114112K
  class space    used 7762K, committed 8128K, reserved 1048576K
}
Event: 26.538 GC heap after
{Heap after GC invocations=36 (full 0):
 garbage-first heap   total 405504K, used 283962K [0x0000000083600000, 0x0000000100000000)
  region size 1024K, 7 young (7168K), 7 survivors (7168K)
 Metaspace       used 70404K, committed 71104K, reserved 1114112K
  class space    used 7762K, committed 8128K, reserved 1048576K
}
Event: 28.503 GC heap before
{Heap before GC invocations=36 (full 0):
 garbage-first heap   total 405504K, used 331066K [0x0000000083600000, 0x0000000100000000)
  region size 1024K, 48 young (49152K), 7 survivors (7168K)
 Metaspace       used 72790K, committed 73472K, reserved 1114112K
  class space    used 7922K, committed 8256K, reserved 1048576K
}
Event: 28.512 GC heap after
{Heap after GC invocations=37 (full 0):
 garbage-first heap   total 405504K, used 299136K [0x0000000083600000, 0x0000000100000000)
  region size 1024K, 6 young (6144K), 6 survivors (6144K)
 Metaspace       used 72790K, committed 73472K, reserved 1114112K
  class space    used 7922K, committed 8256K, reserved 1048576K
}
Event: 29.580 GC heap before
{Heap before GC invocations=37 (full 0):
 garbage-first heap   total 405504K, used 332928K [0x0000000083600000, 0x0000000100000000)
  region size 1024K, 40 young (40960K), 6 survivors (6144K)
 Metaspace       used 73162K, committed 73792K, reserved 1179648K
  class space    used 7963K, committed 8256K, reserved 1048576K
}
Event: 29.586 GC heap after
{Heap after GC invocations=38 (full 0):
 garbage-first heap   total 405504K, used 294126K [0x0000000083600000, 0x0000000100000000)
  region size 1024K, 2 young (2048K), 2 survivors (2048K)
 Metaspace       used 73162K, committed 73792K, reserved 1179648K
  class space    used 7963K, committed 8256K, reserved 1048576K
}
Event: 30.737 GC heap before
{Heap before GC invocations=38 (full 0):
 garbage-first heap   total 405504K, used 334062K [0x0000000083600000, 0x0000000100000000)
  region size 1024K, 42 young (43008K), 2 survivors (2048K)
 Metaspace       used 73207K, committed 73856K, reserved 1179648K
  class space    used 7964K, committed 8256K, reserved 1048576K
}
Event: 30.740 GC heap after
{Heap after GC invocations=39 (full 0):
 garbage-first heap   total 405504K, used 295729K [0x0000000083600000, 0x0000000100000000)
  region size 1024K, 3 young (3072K), 3 survivors (3072K)
 Metaspace       used 73207K, committed 73856K, reserved 1179648K
  class space    used 7964K, committed 8256K, reserved 1048576K
}

Dll operation events (20 events):
Event: 0.328 Loaded shared library C:\Users\USER\.jdks\ms-17.0.20\bin\jimage.dll
Event: 0.438 Loaded shared library C:\Users\USER\.jdks\ms-17.0.20\bin\verify.dll
Event: 1.360 Loaded shared library C:\Users\USER\.jdks\ms-17.0.20\bin\sunmscapi.dll
Event: 2.358 Loaded shared library C:\Users\USER\.jdks\ms-17.0.20\bin\awt.dll
Event: 2.838 Loaded shared library C:\Users\USER\.jdks\ms-17.0.20\bin\freetype.dll
Event: 2.845 Loaded shared library C:\Users\USER\.jdks\ms-17.0.20\bin\fontmanager.dll
Event: 3.133 Loaded shared library C:\Users\USER\.jdks\ms-17.0.20\bin\management.dll
Event: 3.149 Loaded shared library C:\Users\USER\.jdks\ms-17.0.20\bin\management_ext.dll
Event: 3.330 Loaded shared library C:\Users\USER\.jdks\ms-17.0.20\bin\extnet.dll
Event: 5.666 Loaded shared library C:\Users\USER\AppData\Local\Temp\jna-2614219\jna9825046801890961591.dll
Event: 9.256 Loaded shared library C:\Users\USER\.jdks\ms-17.0.20\bin\jsound.dll
Event: 9.495 Loaded shared library C:\Users\USER\.jdks\ms-17.0.20\bin\mlib_image.dll
Event: 15.347 Loaded shared library C:\Users\USER\AppData\Local\Temp\flatlaf.temp\flatlaf-windows-x86_64-1099019105112000.dll
Event: 16.024 Loaded shared library C:\Users\USER\.jdks\ms-17.0.20\bin\javajpeg.dll
Event: 24.590 Loaded shared library C:\Users\USER\.jdks\ms-17.0.20\bin\prefs.dll
Event: 26.327 Loaded shared library C:\Users\USER\AppData\Local\Temp\7069001655469946727rlicn_amd64.dll
Event: 27.050 Loaded shared library C:\Users\USER\.jdks\ms-17.0.20\bin\jawt.dll
Event: 27.124 Loaded shared library C:\Users\USER\AppData\Local\Temp\5445410966451090098rlawt.dll
Event: 27.802 Loaded shared library C:\Users\USER\AppData\Local\Temp\lwjgl-rl\3.3.2+13\x64\lwjgl.dll
Event: 27.821 Loaded shared library C:\Users\USER\AppData\Local\Temp\lwjgl-rl\3.3.2+13\x64\lwjgl_opengl.dll

Deoptimization events (20 events):
Event: 31.095 Thread 0x0000022f03f4ef70 DEOPT PACKING pc=0x0000022f24a25266 sp=0x00000085231ff030
Event: 31.095 Thread 0x0000022f03f4ef70 DEOPT UNPACKING pc=0x0000022f2b90ace3 sp=0x00000085231fe4a0 mode 0
Event: 31.095 Thread 0x0000022f03f4ef70 DEOPT PACKING pc=0x0000022f24a25266 sp=0x00000085231ff030
Event: 31.095 Thread 0x0000022f03f4ef70 DEOPT UNPACKING pc=0x0000022f2b90ace3 sp=0x00000085231fe4a0 mode 0
Event: 31.095 Thread 0x0000022f03f4ef70 DEOPT PACKING pc=0x0000022f24a25266 sp=0x00000085231ff030
Event: 31.095 Thread 0x0000022f03f4ef70 DEOPT UNPACKING pc=0x0000022f2b90ace3 sp=0x00000085231fe4a0 mode 0
Event: 31.096 Thread 0x0000022f03f4ef70 DEOPT PACKING pc=0x0000022f24a25266 sp=0x00000085231ff030
Event: 31.096 Thread 0x0000022f03f4ef70 DEOPT UNPACKING pc=0x0000022f2b90ace3 sp=0x00000085231fe4a0 mode 0
Event: 31.096 Thread 0x0000022f03f4ef70 DEOPT PACKING pc=0x0000022f24a25266 sp=0x00000085231ff030
Event: 31.096 Thread 0x0000022f03f4ef70 DEOPT UNPACKING pc=0x0000022f2b90ace3 sp=0x00000085231fe4a0 mode 0
Event: 31.097 Thread 0x0000022f03f4ef70 DEOPT PACKING pc=0x0000022f24a25266 sp=0x00000085231ff030
Event: 31.097 Thread 0x0000022f03f4ef70 DEOPT UNPACKING pc=0x0000022f2b90ace3 sp=0x00000085231fe4a0 mode 0
Event: 31.097 Thread 0x0000022f03f4ef70 DEOPT PACKING pc=0x0000022f24a25266 sp=0x00000085231ff030
Event: 31.097 Thread 0x0000022f03f4ef70 DEOPT UNPACKING pc=0x0000022f2b90ace3 sp=0x00000085231fe4a0 mode 0
Event: 31.097 Thread 0x0000022f03f4ef70 DEOPT PACKING pc=0x0000022f24a25266 sp=0x00000085231ff030
Event: 31.097 Thread 0x0000022f03f4ef70 DEOPT UNPACKING pc=0x0000022f2b90ace3 sp=0x00000085231fe4a0 mode 0
Event: 31.098 Thread 0x0000022f03f4ef70 DEOPT PACKING pc=0x0000022f24a25266 sp=0x00000085231ff030
Event: 31.098 Thread 0x0000022f03f4ef70 DEOPT UNPACKING pc=0x0000022f2b90ace3 sp=0x00000085231fe4a0 mode 0
Event: 31.099 Thread 0x0000022f03f4ef70 DEOPT PACKING pc=0x0000022f24a25266 sp=0x00000085231ff030
Event: 31.099 Thread 0x0000022f03f4ef70 DEOPT UNPACKING pc=0x0000022f2b90ace3 sp=0x00000085231fe4a0 mode 0

Classes loaded (20 events):
Event: 28.588 Loading class jdk/internal/ValueBased
Event: 28.589 Loading class jdk/internal/ValueBased done
Event: 28.834 Loading class java/awt/event/MouseEvent$1
Event: 28.835 Loading class sun/awt/AWTAccessor$MouseEventAccessor
Event: 28.836 Loading class sun/awt/AWTAccessor$MouseEventAccessor done
Event: 28.836 Loading class java/awt/event/MouseEvent$1 done
Event: 28.840 Loading class java/awt/Cursor$CursorDisposer
Event: 28.841 Loading class java/awt/Cursor$CursorDisposer done
Event: 28.870 Loading class java/util/stream/SortedOps$SizedRefSortingSink
Event: 28.870 Loading class java/util/stream/SortedOps$SizedRefSortingSink done
Event: 28.937 Loading class sun/awt/image/JPEGImageDecoder
Event: 28.938 Loading class sun/awt/image/JPEGImageDecoder done
Event: 28.938 Loading class sun/awt/image/JPEGImageDecoder$1
Event: 28.938 Loading class sun/awt/image/JPEGImageDecoder$1 done
Event: 28.947 Loading class java/awt/Container$MouseEventTargetFilter
Event: 28.948 Loading class java/awt/Container$MouseEventTargetFilter done
Event: 28.948 Loading class java/awt/LightweightDispatcher$1
Event: 28.948 Loading class java/awt/LightweightDispatcher$1 done
Event: 31.023 Loading class sun/font/SunFontManager$8$1
Event: 31.023 Loading class sun/font/SunFontManager$8$1 done

Classes unloaded (0 events):
No events

Classes redefined (0 events):
No events

Internal exceptions (20 events):
Event: 25.086 Thread 0x0000022f009a7ba0 Exception <a 'java/lang/NoSuchMethodError'{0x000000009b23b1b0}: 'int java.lang.invoke.DirectMethodHandle$Holder.invokeSpecial(java.lang.Object, java.lang.Object, int)'> (0x000000009b23b1b0) 
thrown [s\src\hotspot\share\interpreter\linkResolver.cpp, line 759]
Event: 26.163 Thread 0x0000022f1c7f8e90 Exception <a 'java/lang/NoSuchMethodError'{0x00000000997fe6a8}: 'java.lang.Object java.lang.invoke.DirectMethodHandle$Holder.invokeSpecial(java.lang.Object, java.lang.Object, long, java.lang.Object, java.lang.Object, java.lang.Object, java.lang.Object, java.lang.Object, java.lang.Object)'> (0x00000000997fe6a8) 
thrown [s\src\hotspot\share\interpreter\linkResolver.cpp, line 759]
Event: 26.166 Thread 0x0000022f1c7f8e90 Exception <a 'java/lang/NoSuchMethodError'{0x0000000099603168}: 'java.lang.Object java.lang.invoke.DelegatingMethodHandle$Holder.reinvoke_L(java.lang.Object, long, java.lang.Object, java.lang.Object, java.lang.Object, java.lang.Object, java.lang.Object, java.lang.Object)'> (0x0000000099603168) 
thrown [s\src\hotspot\share\interpreter\linkResolver.cpp, line 759]
Event: 26.195 Thread 0x0000022f03f4b7c0 Implicit null exception at 0x0000022f2c3da96d to 0x0000022f2c3db154
Event: 26.594 Thread 0x0000022f009a7ba0 Exception <a 'java/lang/UnsatisfiedLinkError'{0x000000009be6e3e8}: The specified procedure could not be found.
> (0x000000009be6e3e8) 
thrown [s\src\hotspot\share\prims\jni.cpp, line 535]
Event: 26.929 Thread 0x0000022f009a7ba0 Exception <a 'java/lang/NoSuchMethodError'{0x000000009af98908}: 'void java.lang.invoke.DirectMethodHandle$Holder.invokeSpecial(java.lang.Object, java.lang.Object, java.lang.Object, int, int, int, int, double)'> (0x000000009af98908) 
thrown [s\src\hotspot\share\interpreter\linkResolver.cpp, line 759]
Event: 27.739 Thread 0x0000022f0147ec40 Implicit null exception at 0x0000022f2c0aee1a to 0x0000022f2c0af304
Event: 27.740 Thread 0x0000022f0147ec40 Implicit null exception at 0x0000022f2c08c36c to 0x0000022f2c08dc58
Event: 27.740 Thread 0x0000022f0147ec40 Implicit null exception at 0x0000022f2c0a9660 to 0x0000022f2c0a9e6c
Event: 27.793 Thread 0x0000022f0147ec40 Exception <a 'sun/nio/fs/WindowsException'{0x000000009a961238}> (0x000000009a961238) 
thrown [s\src\hotspot\share\prims\jni.cpp, line 516]
Event: 27.794 Thread 0x0000022f0147ec40 Exception <a 'sun/nio/fs/WindowsException'{0x000000009a961568}> (0x000000009a961568) 
thrown [s\src\hotspot\share\prims\jni.cpp, line 516]
Event: 27.817 Thread 0x0000022f0147ec40 Exception <a 'sun/nio/fs/WindowsException'{0x000000009a99a700}> (0x000000009a99a700) 
thrown [s\src\hotspot\share\prims\jni.cpp, line 516]
Event: 27.818 Thread 0x0000022f0147ec40 Exception <a 'sun/nio/fs/WindowsException'{0x000000009a99aa90}> (0x000000009a99aa90) 
thrown [s\src\hotspot\share\prims\jni.cpp, line 516]
Event: 27.827 Thread 0x0000022f0147ec40 Exception <a 'sun/nio/fs/WindowsException'{0x000000009a9a7998}> (0x000000009a9a7998) 
thrown [s\src\hotspot\share\prims\jni.cpp, line 516]
Event: 27.827 Thread 0x0000022f0147ec40 Exception <a 'sun/nio/fs/WindowsException'{0x000000009a9a7c60}> (0x000000009a9a7c60) 
thrown [s\src\hotspot\share\prims\jni.cpp, line 516]
Event: 27.855 Thread 0x0000022f0147ec40 Exception <a 'java/lang/NoSuchMethodError'{0x000000009a9fc5b8}: 'int java.lang.invoke.DirectMethodHandle$Holder.invokeStaticInit(java.lang.Object, java.lang.Object, int, long)'> (0x000000009a9fc5b8) 
thrown [s\src\hotspot\share\interpreter\linkResolver.cpp, line 759]
Event: 27.859 Thread 0x0000022f0147ec40 Exception <a 'java/lang/NoSuchMethodError'{0x000000009a80e8f8}: 'int java.lang.invoke.DirectMethodHandle$Holder.invokeStaticInit(java.lang.Object, java.lang.Object, long, long)'> (0x000000009a80e8f8) 
thrown [s\src\hotspot\share\interpreter\linkResolver.cpp, line 759]
Event: 27.862 Thread 0x0000022f0147ec40 Exception <a 'java/lang/NoSuchMethodError'{0x000000009a818ad8}: 'int java.lang.invoke.DirectMethodHandle$Holder.invokeStaticInit(java.lang.Object, java.lang.Object, java.lang.Object, long)'> (0x000000009a818ad8) 
thrown [s\src\hotspot\share\interpreter\linkResolver.cpp, line 759]
Event: 28.573 Thread 0x0000022f0147ec40 Implicit null exception at 0x0000022f2c2329d4 to 0x0000022f2c2399ec
Event: 30.831 Thread 0x0000022f03f4ef70 Implicit null exception at 0x0000022f2c258ad0 to 0x0000022f2c259b68

VM Operations (20 events):
Event: 27.842 Executing VM operation: HandshakeAllThreads done
Event: 27.842 Executing VM operation: HandshakeAllThreads
Event: 27.842 Executing VM operation: HandshakeAllThreads done
Event: 28.004 Executing VM operation: HandshakeAllThreads
Event: 28.004 Executing VM operation: HandshakeAllThreads done
Event: 28.023 Executing VM operation: HandshakeAllThreads
Event: 28.023 Executing VM operation: HandshakeAllThreads done
Event: 28.503 Executing VM operation: G1CollectForAllocation
Event: 28.513 Executing VM operation: G1CollectForAllocation done
Event: 28.560 Executing VM operation: HandshakeAllThreads
Event: 28.560 Executing VM operation: HandshakeAllThreads done
Event: 28.705 Executing VM operation: HandshakeAllThreads
Event: 28.705 Executing VM operation: HandshakeAllThreads done
Event: 29.580 Executing VM operation: G1CollectForAllocation
Event: 29.586 Executing VM operation: G1CollectForAllocation done
Event: 30.586 Executing VM operation: Cleanup
Event: 30.586 Executing VM operation: Cleanup done
Event: 30.737 Executing VM operation: G1CollectForAllocation
Event: 30.740 Executing VM operation: G1CollectForAllocation done
Event: 31.137 Executing VM operation: Exit

Memory protections (0 events):
No events

Nmethod flushes (20 events):
Event: 28.042 Thread 0x0000022f3ab3a720 flushing  nmethod 0x0000022f2557b810
Event: 28.042 Thread 0x0000022f3ab3a720 flushing  nmethod 0x0000022f2557ca10
Event: 28.042 Thread 0x0000022f3ab3a720 flushing  nmethod 0x0000022f25581310
Event: 28.042 Thread 0x0000022f3ab3a720 flushing  nmethod 0x0000022f25581690
Event: 28.042 Thread 0x0000022f3ab3a720 flushing  nmethod 0x0000022f25583290
Event: 28.042 Thread 0x0000022f3ab3a720 flushing  nmethod 0x0000022f25593690
Event: 28.042 Thread 0x0000022f3ab3a720 flushing  nmethod 0x0000022f25594690
Event: 28.042 Thread 0x0000022f3ab3a720 flushing  nmethod 0x0000022f255a2010
Event: 28.042 Thread 0x0000022f3ab3a720 flushing  nmethod 0x0000022f255a2690
Event: 28.042 Thread 0x0000022f3ab3a720 flushing  nmethod 0x0000022f255a2a10
Event: 28.042 Thread 0x0000022f3ab3a720 flushing  nmethod 0x0000022f255a9f90
Event: 28.042 Thread 0x0000022f3ab3a720 flushing  nmethod 0x0000022f255aad10
Event: 28.042 Thread 0x0000022f3ab3a720 flushing  nmethod 0x0000022f255acc10
Event: 28.042 Thread 0x0000022f3ab3a720 flushing  nmethod 0x0000022f255ae410
Event: 28.043 Thread 0x0000022f3ab3a720 flushing  nmethod 0x0000022f255b4f90
Event: 28.043 Thread 0x0000022f3ab3a720 flushing  nmethod 0x0000022f255b6c10
Event: 28.043 Thread 0x0000022f3ab3a720 flushing  nmethod 0x0000022f255c9390
Event: 28.043 Thread 0x0000022f3ab3a720 flushing  nmethod 0x0000022f255d2290
Event: 28.043 Thread 0x0000022f3ab3a720 flushing  nmethod 0x0000022f255eb210
Event: 28.043 Thread 0x0000022f3ab3a720 flushing  nmethod 0x0000022f255ec690

Events (20 events):
Event: 24.379 Thread 0x0000022f009a7ba0 Thread added: 0x0000022f03f4ef70
Event: 26.195 Thread 0x0000022f1c7f8e90 Thread exited: 0x0000022f1c7f8e90
Event: 26.195 Thread 0x0000022f03f4b7c0 Thread added: 0x0000022f03f4b7c0
Event: 27.659 Thread 0x0000022f055601c0 Thread exited: 0x0000022f055601c0
Event: 30.018 Thread 0x0000022f009a7ba0 Thread added: 0x0000022f03f4c1e0
Event: 30.176 Thread 0x0000022f3ab326f0 Thread added: 0x0000022f055636e0
Event: 30.531 Thread 0x0000022f009a7ba0 Thread added: 0x0000022f03f4fea0
Event: 30.609 Thread 0x0000022f3ab33530 Thread added: 0x0000022f055626f0
Event: 30.746 Thread 0x0000022f055626f0 Thread exited: 0x0000022f055626f0
Event: 31.022 Thread 0x0000022f03f4c1e0 Thread added: 0x0000022f03f48a30
Event: 31.025 Thread 0x0000022f03f4c1e0 Thread added: 0x0000022f03f4ada0
Event: 31.028 Thread 0x0000022f03f4c1e0 Thread added: 0x0000022f03f4b2b0
Event: 31.028 Thread 0x0000022f03f4ada0 Thread exited: 0x0000022f03f4ada0
Event: 31.029 Thread 0x0000022f03f4c1e0 Thread added: 0x0000022f03f4bcd0
Event: 31.029 Thread 0x0000022f03f48a30 Thread exited: 0x0000022f03f48a30
Event: 31.030 Thread 0x0000022f03f4bcd0 Thread exited: 0x0000022f03f4bcd0
Event: 31.083 Thread 0x0000022f009a6250 Thread exited: 0x0000022f009a6250
Event: 31.130 Thread 0x0000022f03f4b2b0 Thread exited: 0x0000022f03f4b2b0
Event: 31.136 Thread 0x0000022f03f4c1e0 Before exit entered
Event: 31.137 Thread 0x0000022f3ab256e0 Thread exited: 0x0000022f3ab256e0


Dynamic libraries:
0x00007ff7a5320000 - 0x00007ff7a532e000 	C:\Users\USER\.jdks\ms-17.0.20\bin\java.exe
0x00007fff48830000 - 0x00007fff48a48000 	C:\Windows\SYSTEM32\ntdll.dll
0x00007ffea7980000 - 0x00007ffea79a1000 	C:\Program Files\Norton\Suite\aswhook.dll
0x00007fff46fe0000 - 0x00007fff470a4000 	C:\Windows\System32\KERNEL32.DLL
0x00007fff45a60000 - 0x00007fff45e33000 	C:\Windows\System32\KERNELBASE.dll
0x00007fff45940000 - 0x00007fff45a51000 	C:\Windows\System32\ucrtbase.dll
0x00007ffecd300000 - 0x00007ffecd31e000 	C:\Users\USER\.jdks\ms-17.0.20\bin\VCRUNTIME140.dll
0x00007fff05660000 - 0x00007fff05678000 	C:\Users\USER\.jdks\ms-17.0.20\bin\jli.dll
0x00007fff48630000 - 0x00007fff487e2000 	C:\Windows\System32\USER32.dll
0x00007fff462c0000 - 0x00007fff462e6000 	C:\Windows\System32\win32u.dll
0x00007fff46f10000 - 0x00007fff46f39000 	C:\Windows\System32\GDI32.dll
0x00007fff45e40000 - 0x00007fff45f5b000 	C:\Windows\System32\gdi32full.dll
0x00007fff2bcb0000 - 0x00007fff2bf4c000 	C:\Windows\WinSxS\amd64_microsoft.windows.common-controls_6595b64144ccf1df_6.0.22621.6060_none_2712eda17382d24b\COMCTL32.dll
0x00007fff46430000 - 0x00007fff464ca000 	C:\Windows\System32\msvcp_win.dll
0x00007fff469e0000 - 0x00007fff46a87000 	C:\Windows\System32\msvcrt.dll
0x00007fff464d0000 - 0x00007fff46501000 	C:\Windows\System32\IMM32.DLL
0x00007fff05650000 - 0x00007fff0565c000 	C:\Users\USER\.jdks\ms-17.0.20\bin\vcruntime140_1.dll
0x00007ffec38e0000 - 0x00007ffec3969000 	C:\Users\USER\.jdks\ms-17.0.20\bin\msvcp140.dll
0x00007ffe7e5f0000 - 0x00007ffe7f26b000 	C:\Users\USER\.jdks\ms-17.0.20\bin\server\jvm.dll
0x00007fff48400000 - 0x00007fff484b1000 	C:\Windows\System32\ADVAPI32.dll
0x00007fff48350000 - 0x00007fff483f8000 	C:\Windows\System32\sechost.dll
0x00007fff45f60000 - 0x00007fff45f88000 	C:\Windows\System32\bcrypt.dll
0x00007fff47f40000 - 0x00007fff48058000 	C:\Windows\System32\RPCRT4.dll
0x00007fff46670000 - 0x00007fff466e1000 	C:\Windows\System32\WS2_32.dll
0x00007fff41400000 - 0x00007fff41434000 	C:\Windows\SYSTEM32\WINMM.dll
0x00007fff44510000 - 0x00007fff4451a000 	C:\Windows\SYSTEM32\VERSION.dll
0x00007fff451c0000 - 0x00007fff4520d000 	C:\Windows\SYSTEM32\POWRPROF.dll
0x00007fff451a0000 - 0x00007fff451b3000 	C:\Windows\SYSTEM32\UMPDC.dll
0x00007fff44920000 - 0x00007fff44938000 	C:\Windows\SYSTEM32\kernel.appcore.dll
0x00007fff026f0000 - 0x00007fff026fa000 	C:\Users\USER\.jdks\ms-17.0.20\bin\jimage.dll
0x00007fff43110000 - 0x00007fff43343000 	C:\Windows\SYSTEM32\DBGHELP.DLL
0x00007fff471f0000 - 0x00007fff47581000 	C:\Windows\System32\combase.dll
0x00007fff48070000 - 0x00007fff48148000 	C:\Windows\System32\OLEAUT32.dll
0x00007fff3cc00000 - 0x00007fff3cc32000 	C:\Windows\SYSTEM32\dbgcore.DLL
0x00007fff462f0000 - 0x00007fff4636b000 	C:\Windows\System32\bcryptPrimitives.dll
0x00007ffec4030000 - 0x00007ffec4056000 	C:\Users\USER\.jdks\ms-17.0.20\bin\java.dll
0x00007ffec40a0000 - 0x00007ffec4176000 	C:\Users\USER\.jdks\ms-17.0.20\bin\jsvml.dll
0x00007fff476a0000 - 0x00007fff47f3c000 	C:\Windows\System32\SHELL32.dll
0x00007fff46010000 - 0x00007fff4614f000 	C:\Windows\System32\wintypes.dll
0x00007fff435e0000 - 0x00007fff43efa000 	C:\Windows\SYSTEM32\windows.storage.dll
0x00007fff470b0000 - 0x00007fff471b4000 	C:\Windows\System32\SHCORE.dll
0x00007fff48550000 - 0x00007fff485b9000 	C:\Windows\System32\shlwapi.dll
0x00007fff45870000 - 0x00007fff45895000 	C:\Windows\SYSTEM32\profapi.dll
0x00007ffeca610000 - 0x00007ffeca62b000 	C:\Users\USER\.jdks\ms-17.0.20\bin\net.dll
0x00007fff41040000 - 0x00007fff4116c000 	C:\Windows\SYSTEM32\WINHTTP.dll
0x00007fff44e70000 - 0x00007fff44ed9000 	C:\Windows\system32\mswsock.dll
0x00007ffeca410000 - 0x00007ffeca426000 	C:\Users\USER\.jdks\ms-17.0.20\bin\nio.dll
0x00007ffeca5f0000 - 0x00007ffeca608000 	C:\Users\USER\.jdks\ms-17.0.20\bin\zip.dll
0x00007ffeca3f0000 - 0x00007ffeca400000 	C:\Users\USER\.jdks\ms-17.0.20\bin\verify.dll
0x00007ffecc700000 - 0x00007ffecc70e000 	C:\Users\USER\.jdks\ms-17.0.20\bin\sunmscapi.dll
0x00007fff46150000 - 0x00007fff462b8000 	C:\Windows\System32\CRYPT32.dll
0x00007fff45300000 - 0x00007fff4532e000 	C:\Windows\SYSTEM32\ncrypt.dll
0x00007fff452c0000 - 0x00007fff452f7000 	C:\Windows\SYSTEM32\NTASN1.dll
0x00007fff45120000 - 0x00007fff45132000 	C:\Windows\SYSTEM32\MSASN1.dll
0x00007fff450c0000 - 0x00007fff450db000 	C:\Windows\SYSTEM32\CRYPTSP.dll
0x00007fff44880000 - 0x00007fff448b7000 	C:\Windows\system32\rsaenh.dll
0x00007fff450e0000 - 0x00007fff450ec000 	C:\Windows\SYSTEM32\CRYPTBASE.dll
0x00007fff44f00000 - 0x00007fff44f26000 	C:\Windows\SYSTEM32\gpapi.dll
0x00007fff44f60000 - 0x00007fff44f88000 	C:\Windows\SYSTEM32\USERENV.dll
0x00007fff44190000 - 0x00007fff441bd000 	C:\Windows\SYSTEM32\IPHLPAPI.DLL
0x00007fff471e0000 - 0x00007fff471e9000 	C:\Windows\System32\NSI.dll
0x00007fff41330000 - 0x00007fff41349000 	C:\Windows\SYSTEM32\dhcpcsvc6.DLL
0x00007fff41020000 - 0x00007fff4103f000 	C:\Windows\SYSTEM32\dhcpcsvc.DLL
0x00007fff441c0000 - 0x00007fff442b8000 	C:\Windows\SYSTEM32\DNSAPI.dll
0x00007ffecbc60000 - 0x00007ffecbdf5000 	C:\Users\USER\.jdks\ms-17.0.20\bin\awt.dll
0x00007fff42480000 - 0x00007fff42517000 	C:\Windows\SYSTEM32\apphelp.dll
0x00007fff42910000 - 0x00007fff429c3000 	C:\Windows\system32\uxtheme.dll
0x00007fff46510000 - 0x00007fff46670000 	C:\Windows\System32\MSCTF.dll
0x00007fff481a0000 - 0x00007fff48341000 	C:\Windows\System32\ole32.dll
0x00007fff42b80000 - 0x00007fff42bab000 	C:\Windows\system32\DWMAPI.DLL
0x00007fff11150000 - 0x00007fff11250000 	C:\Windows\system32\opengl32.dll
0x00007fff27de0000 - 0x00007fff27e0d000 	C:\Windows\SYSTEM32\GLU32.dll
0x00007fff42a30000 - 0x00007fff42a67000 	C:\Windows\SYSTEM32\dxcore.dll
0x00007fff0b8b0000 - 0x00007fff0b93b000 	C:\Users\USER\.jdks\ms-17.0.20\bin\freetype.dll
0x00007ffecb6c0000 - 0x00007ffecb7bf000 	C:\Users\USER\.jdks\ms-17.0.20\bin\fontmanager.dll
0x00007fff2e9a0000 - 0x00007fff2eae5000 	C:\Windows\SYSTEM32\textinputframework.dll
0x00007fff0ed50000 - 0x00007fff0ed5a000 	C:\Users\USER\.jdks\ms-17.0.20\bin\management.dll
0x00007ffecc8e0000 - 0x00007ffecc8ec000 	C:\Users\USER\.jdks\ms-17.0.20\bin\management_ext.dll
0x00007fff48060000 - 0x00007fff48068000 	C:\Windows\System32\PSAPI.DLL
0x00007fff269c0000 - 0x00007fff269ca000 	C:\Windows\System32\rasadhlp.dll
0x00007fff40b60000 - 0x00007fff40c93000 	C:\Windows\SYSTEM32\CoreMessaging.dll
0x00007fff3dd70000 - 0x00007fff3e0dc000 	C:\Windows\SYSTEM32\CoreUIComponents.dll
0x00007fff3ee30000 - 0x00007fff3eeb4000 	C:\Windows\System32\fwpuclnt.dll
0x00007ffecc710000 - 0x00007ffecc719000 	C:\Users\USER\.jdks\ms-17.0.20\bin\extnet.dll
0x00007fff0bbc0000 - 0x00007fff0bc04000 	C:\Users\USER\AppData\Local\Temp\jna-2614219\jna9825046801890961591.dll
0x00007ffeddab0000 - 0x00007ffeddb4c000 	C:\Users\USER\AppData\Local\Temp\jna-2614219\jna6687864249963097977.dll
0x00007fff34b40000 - 0x00007fff34b52000 	C:\Users\USER\.jdks\ms-17.0.20\bin\jsound.dll
0x00007ffe9daa0000 - 0x00007ffe9db42000 	C:\Windows\SYSTEM32\DSOUND.dll
0x00007ffefe720000 - 0x00007ffefe749000 	C:\Windows\SYSTEM32\winmmbase.dll
0x00007ffe9d490000 - 0x00007ffe9d541000 	C:\Windows\SYSTEM32\ResampleDmo.DLL
0x00007fff0ebc0000 - 0x00007fff0ebcb000 	C:\Windows\SYSTEM32\msdmo.dll
0x00007fff46930000 - 0x00007fff469e0000 	C:\Windows\System32\clbcatq.dll
0x00007fff3aac0000 - 0x00007fff3ab5c000 	C:\Windows\System32\MMDevApi.dll
0x00007fff45600000 - 0x00007fff4562c000 	C:\Windows\System32\DEVOBJ.dll
0x00007fff45660000 - 0x00007fff456ae000 	C:\Windows\SYSTEM32\cfgmgr32.dll
0x00007ffef9550000 - 0x00007ffef9596000 	C:\Windows\SYSTEM32\wdmaud.drv
0x00007fff418f0000 - 0x00007fff418fb000 	C:\Windows\SYSTEM32\AVRT.dll
0x00007fff2e810000 - 0x00007fff2e819000 	C:\Windows\SYSTEM32\ksuser.dll
0x00007fff107b0000 - 0x00007fff1099e000 	C:\Windows\SYSTEM32\AUDIOSES.DLL
0x00007fff2b340000 - 0x00007fff2b34e000 	C:\Windows\SYSTEM32\msacm32.drv
0x00007ffee8e10000 - 0x00007ffee8e2e000 	C:\Windows\SYSTEM32\MSACM32.dll
0x00007fff29380000 - 0x00007fff2938b000 	C:\Windows\SYSTEM32\midimap.dll
0x00007fff42ee0000 - 0x00007fff42ef5000 	C:\Windows\SYSTEM32\resourcepolicyclient.dll
0x00007ffecd270000 - 0x00007ffecd2f2000 	C:\Users\USER\.jdks\ms-17.0.20\bin\mlib_image.dll
0x00007fff3b7b0000 - 0x00007fff3b92e000 	C:\Windows\System32\Windows.UI.dll
0x00007fff41550000 - 0x00007fff41556000 	C:\Users\USER\AppData\Local\Temp\flatlaf.temp\flatlaf-windows-x86_64-1099019105112000.dll
0x00007fff352b0000 - 0x00007fff352b7000 	C:\Users\USER\.jdks\ms-17.0.20\bin\jawt.dll
0x00007fff30890000 - 0x00007fff308be000 	C:\Users\USER\.jdks\ms-17.0.20\bin\javajpeg.dll
0x00007fff428d0000 - 0x00007fff428dd000 	C:\Windows\SYSTEM32\WINNSI.DLL
0x00007fff42710000 - 0x00007fff428c2000 	C:\Windows\SYSTEM32\WindowsCodecs.dll
0x00007fff0c8a0000 - 0x00007fff0c8fe000 	C:\Windows\system32\dataexchange.dll
0x00007fff3c350000 - 0x00007fff3c5f6000 	C:\Windows\system32\twinapi.appcore.dll
0x00007fff34880000 - 0x00007fff34889000 	C:\Users\USER\.jdks\ms-17.0.20\bin\prefs.dll
0x00007fff10190000 - 0x00007fff101b7000 	C:\Users\USER\AppData\Local\Temp\7069001655469946727rlicn_amd64.dll
0x00007fff42230000 - 0x00007fff422ec000 	C:\Windows\SYSTEM32\mscms.dll
0x00007fff0b860000 - 0x00007fff0b8a9000 	C:\Windows\SYSTEM32\icm32.dll
0x00007fff0bfa0000 - 0x00007fff0bfc7000 	C:\Users\USER\AppData\Local\Temp\5445410966451090098rlawt.dll
0x00007fff3e5f0000 - 0x00007fff3e639000 	C:\Windows\SYSTEM32\directxdatabasehelper.dll
0x00007fff3e390000 - 0x00007fff3e4da000 	C:\Windows\System32\AppXDeploymentClient.dll
0x00007ffe7c7a0000 - 0x00007ffe7d7d3000 	C:\Windows\System32\DriverStore\FileRepository\iigd_dch.inf_amd64_2b1d9e395a05d1c9\ig11icd64.dll
0x00007fff42a70000 - 0x00007fff42b67000 	C:\Windows\system32\dxgi.dll
0x00007fff3b550000 - 0x00007fff3b7a8000 	C:\Windows\System32\DriverStore\FileRepository\iigd_dch.inf_amd64_2b1d9e395a05d1c9\igdgmm64.dll
0x00007ffe91240000 - 0x00007ffe9165a000 	C:\Windows\System32\DriverStore\FileRepository\iigd_dch.inf_amd64_2b1d9e395a05d1c9\igdml64.dll
0x00007fff353a0000 - 0x00007fff38080000 	C:\Windows\System32\DriverStore\FileRepository\iigd_dch.inf_amd64_2b1d9e395a05d1c9\igc64.dll
0x00007fff02580000 - 0x00007fff025fa000 	C:\Users\USER\AppData\Local\Temp\lwjgl-rl\3.3.2+13\x64\lwjgl.dll
0x00007fff0b440000 - 0x00007fff0b49e000 	C:\Users\USER\AppData\Local\Temp\lwjgl-rl\3.3.2+13\x64\lwjgl_opengl.dll

dbghelp: loaded successfully - version: 4.0.5 - missing functions: none
symbol engine: initialized successfully - sym options: 0x614 - pdb path: .;C:\Users\USER\.jdks\ms-17.0.20\bin;C:\Windows\SYSTEM32;C:\Program Files\Norton\Suite;C:\Windows\WinSxS\amd64_microsoft.windows.common-controls_6595b64144ccf1df_6.0.22621.6060_none_2712eda17382d24b;C:\Users\USER\.jdks\ms-17.0.20\bin\server;C:\Users\USER\AppData\Local\Temp\jna-2614219;C:\Users\USER\AppData\Local\Temp\flatlaf.temp;C:\Users\USER\AppData\Local\Temp;C:\Windows\System32\DriverStore\FileRepository\iigd_dch.inf_amd64_2b1d9e395a05d1c9;C:\Users\USER\AppData\Local\Temp\lwjgl-rl\3.3.2+13\x64

VM Arguments:
jvm_args: -Dfile.encoding=UTF-8 -Duser.country=IL -Duser.language=he -Duser.variant -ea 
java_command: com.wecorpcc.WeCorpPluginTest --developer-mode --debug
java_class_path (initial): C:\Users\USER\Desktop\wecorpcc-\build\classes\java\test;C:\Users\USER\Desktop\wecorpcc-\build\resources\test;C:\Users\USER\Desktop\wecorpcc-\build\classes\java\main;C:\Users\USER\Desktop\wecorpcc-\build\resources\main;C:\Users\USER\.gradle\caches\modules-2\files-2.1\junit\junit\4.12\2973d150c0dc1fefe998f834810d68f278ea58ec\junit-4.12.jar;C:\Users\USER\.gradle\caches\modules-2\files-2.1\net.runelite\client\1.12.33\8f0628b24212cf42ca4dc41bfa38c4dde5f4aea9\client-1.12.33.jar;C:\Users\USER\.gradle\caches\modules-2\files-2.1\net.runelite\jshell\1.12.33\77716bb8db728b87676e87828019f48ea9eee69c\jshell-1.12.33.jar;C:\Users\USER\.gradle\caches\modules-2\files-2.1\org.hamcrest\hamcrest-core\1.3\42a25dc3219429f0e5d060061f71acb49bf010a0\hamcrest-core-1.3.jar;C:\Users\USER\.gradle\caches\modules-2\files-2.1\net.runelite\runelite-api\1.12.33\374bde784d23d8b559923bd43bc6007dc602eef7\runelite-api-1.12.33.jar;C:\Users\USER\.gradle\caches\modules-2\files-2.1\net.runelite.arn\http-api\1.2.23\96212fbf78fa2a5dfc96c653334f0a5ebb60e490\http-api-1.2.23.jar;C:\Users\USER\.gradle\caches\modules-2\files-2.1\net.runelite\discord\1.4\5e3d040c8c8922d3e8cb900f532d7c08a748d687\discord-1.4.jar;C:\Users\USER\.gradle\caches\modules-2\files-2.1\net.runelite\rlawt\1.8\f16657784ff32b98e108385bcf4ecfcf7185d67\rlawt-1.8.jar;C:\Users\USER\.gradle\caches\modules-2\files-2.1\org.slf4j\slf4j-api\1.7.25\da76ca59f6a57ee3102f8f9bd9cee742973efa8a\slf4j-api-1.7.25.jar;C:\Users\USER\.gradle\caches\modules-2\files-2.1\ch.qos.logback\logback-classic\1.2.9\7d495522b08a9a66084bf417e70eedf95ef706bc\logback-classic-1.2.9.jar;C:\Users\USER\.gradle\caches\modules-2\files-2.1\net.sf.jopt-simple\jopt-simple\5.0.1\20f7d76f9d06033d68f1b8e58666e7c542e91f08\jopt-simple-5.0.1.jar;C:\Users\USER\.gradle\caches\modules-2\files-2.1\com.google.guava\guava\23.2-jre\a1a3e54263d357d2ecadcb3f5e7eb6464c66fe93\guava-23.2-jre.jar;C:\Users\USER\.gradle\caches\modules-2\files-2.1\com.google.inject\guice\4.1.0\faf9e
Launcher Type: SUN_STANDARD

[Global flags]
     intx CICompilerCount                          = 4                                         {product} {ergonomic}
     uint ConcGCThreads                            = 2                                         {product} {ergonomic}
     uint G1ConcRefinementThreads                  = 8                                         {product} {ergonomic}
   size_t G1HeapRegionSize                         = 1048576                                   {product} {ergonomic}
    uintx GCDrainStackTargetSize                   = 64                                        {product} {ergonomic}
   size_t InitialHeapSize                          = 132120576                                 {product} {ergonomic}
   size_t MarkStackSize                            = 4194304                                   {product} {ergonomic}
   size_t MaxHeapSize                              = 2090860544                                {product} {ergonomic}
   size_t MaxNewSize                               = 1254096896                                {product} {ergonomic}
   size_t MinHeapDeltaBytes                        = 1048576                                   {product} {ergonomic}
   size_t MinHeapSize                              = 8388608                                   {product} {ergonomic}
    uintx NonNMethodCodeHeapSize                   = 5839372                                {pd product} {ergonomic}
    uintx NonProfiledCodeHeapSize                  = 122909434                              {pd product} {ergonomic}
    uintx ProfiledCodeHeapSize                     = 122909434                              {pd product} {ergonomic}
    uintx ReservedCodeCacheSize                    = 251658240                              {pd product} {ergonomic}
     bool SegmentedCodeCache                       = true                                      {product} {ergonomic}
   size_t SoftMaxHeapSize                          = 2090860544                             {manageable} {ergonomic}
     bool UseCompressedClassPointers               = true                           {product lp64_product} {ergonomic}
     bool UseCompressedOops                        = true                           {product lp64_product} {ergonomic}
     bool UseG1GC                                  = true                                      {product} {ergonomic}
     bool UseLargePagesIndividualAllocation        = false                                  {pd product} {ergonomic}

Logging:
Log output configuration:
 #0: stdout all=off uptime,level,tags
 #1: stderr all=off uptime,level,tags

Environment Variables:
PATH=C:\Program Files (x86)\Common Files\Oracle\Java\java8path;C:\Program Files (x86)\Common Files\Oracle\Java\javapath;C:\Windows\system32;C:\Windows;C:\Windows\System32\Wbem;C:\Windows\System32\WindowsPowerShell\v1.0\;C:\Windows\System32\OpenSSH\;C:\Program Files\dotnet\;C:\Program Files\nodejs\;C:\Program Files\Git\cmd;C:\Users\USER\AppData\Local\Microsoft\WindowsApps;C:\Users\USER\AppData\Roaming\npm;C:\Users\USER\AppData\Local\Programs\IntelliJ IDEA 2026.2.0.1\bin
USERNAME=USER
OS=Windows_NT
PROCESSOR_IDENTIFIER=Intel64 Family 6 Model 126 Stepping 5, GenuineIntel
TMP=C:\Users\USER\AppData\Local\Temp
TEMP=C:\Users\USER\AppData\Local\Temp



Periodic native trim disabled


---------------  S Y S T E M  ---------------

OS:
 Windows 11 , 64 bit Build 22621 (10.0.22621.5415)
OS uptime: 1 days 6:31 hours

CPU: total 8 (initial active 8) (4 cores per cpu, 2 threads per core) family 6 model 126 stepping 5 microcode 0xa0, cx8, cmov, fxsr, ht, mmx, 3dnowpref, sse, sse2, sse3, ssse3, sse4.1, sse4.2, popcnt, lzcnt, tsc, tscinvbit, avx, avx2, aes, erms, clmul, bmi1, bmi2, adx, avx512f, avx512dq, avx512cd, avx512bw, avx512vl, sha, fma, vzeroupper, avx512_vpopcntdq, avx512_vpclmulqdq, avx512_vaes, avx512_vnni, clflush, clflushopt, avx512_vbmi2, avx512_vbmi
Processor Information for the first 8 processors :
  Max Mhz: 1190, Current Mhz: 991, Mhz Limit: 987

Memory: 4k page, system-wide physical 7973M (728M free)
TotalPageFile size 21285M (AvailPageFile size 3863M)
current process WorkingSet (physical memory assigned to process): 519M, peak: 587M
current process commit charge ("private bytes"): 862M, peak: 862M

vm_info: OpenJDK 64-Bit Server VM (17.0.20+8-LTS) for windows-amd64 JRE (17.0.20+8-LTS), built on Jul 14 2026 18:14:29 by "MicrosoftCorporation" with MS VC++ 17.14 (VS2022)

END.
